,dec_af,dec_cfs,div,lat,long,source,status,strname,strtype,utmAccuracy,wd,wdid
0,,,6,40.176454,-106.743198,Morrison Creek,H,TILLQUIST LAKE,3,Digitized off map,58,5800902
1,2.5,,6,40.490094,-106.842118,Yampa River,U,POND AT W LINCOLN PARK,3,GPS,58,5801729
2,,0.033,6,40.276158,-106.874297,Yampa River,U,STETSON CORRAL WETLANDS,3,Spotted from section lines,58,5801889
3,,0.033,6,40.276158,-106.874297,Yampa River,U,STETSON CORRAL WETLANDS,3,Spotted from section lines,58,5801889
4,,0.033,6,40.749039,-106.920114,Elk River,U,PEPPER POND,3,Digitized off map,58,5801959
5,21.0,,6,40.149643,-106.724597,Morrison Creek,U,BEARD DAM,3,Digitized off map,58,5802577
6,,0.005,6,40.768544,-106.983872,Yampa River,U,COTTONWD PL,3,Spotted from quarters,58,5802672
7,,0.005,6,40.769232,-106.774336,Yampa River,U,SEEDHOUSE RS,3,Spotted from quarters,58,5802676
8,0.31,,6,40.210216,-106.908642,Whipple Creek,U,BRENTS POND,3,Spotted from section lines,58,5802869
9,0.02,,6,40.511574,-106.971039,Yampa River,A,MONGER POND #1,3,Spotted from section lines,58,5802871
10,,0.022,6,40.180652,-107.03593,North Hunt Creek,U,CHILDRESS SPRING NO. 1,3,Spotted from section lines,58,5802886
11,0.0,0.0,6,40.59943,-107.077554,Turner Creek,N,RLW TURNER CREEK RESERVOIR NO. 2,3,GPS,58,5802907
12,,,6,40.280089,-106.918858,Yampa River,N,STRATTEN MEADOWS RESERVOIR ET AL,3,Spotted from section lines,58,5802927
13,0.0,,6,40.663439,-106.935393,Yampa River,N,JUDY'S POND,3,Spotted from section lines,58,5802943
14,0.0,,6,40.662062,-106.932325,Yampa River,N,KENNY'S POND,3,Spotted from section lines,58,5802944
15,0.0,,6,40.660909,-106.93178,Yampa River,N,IDIE'S POND,3,Spotted from section lines,58,5802945
16,0.1,,6,40.511562,-106.970589,Yampa River,A,MONGER POND #2,3,Spotted from section lines,58,5802946
17,0.04,,6,40.511604,-106.97039,Yampa River,A,MONGER POND #3,3,Spotted from section lines,58,5802947
18,0.03,,6,40.511635,-106.970078,Yampa River,A,MONGER POND #4,3,Spotted from section lines,58,5802948
19,0.03,,6,40.511723,-106.969879,Yampa River,A,MONGER POND #5,3,Spotted from section lines,58,5802949
20,0.03,,6,40.511822,-106.969696,Yampa River,A,MONGER POND #6,3,Spotted from section lines,58,5802950
21,0.07,,6,40.511883,-106.96936,Yampa River,A,MONGER POND #7,3,Spotted from section lines,58,5802951
22,0.05,,6,40.511879,-106.96917,Yampa River,A,MONGER POND #8,3,Spotted from section lines,58,5802952
23,0.13,,6,40.511883,-106.968979,Yampa River,A,MONGER POND #9,3,Spotted from section lines,58,5802953
24,0.8,,6,40.517802,-106.827461,Soda Creek,A,MARGOLIS POND,3,GPS,58,5802954
25,2249.85,,6,40.160555,-107.04071,Middle Hunt Creek,A,ALLEN BASIN RES,3,GPS,58,5803500
26,2249.85,,6,40.160555,-107.04071,Middle Hunt Creek,A,ALLEN BASIN RES,3,GPS,58,5803500
27,2249.85,,6,40.160555,-107.04071,Middle Hunt Creek,A,ALLEN BASIN RES,3,GPS,58,5803500
28,2249.85,,6,40.160555,-107.04071,Middle Hunt Creek,A,ALLEN BASIN RES,3,GPS,58,5803500
29,2249.85,,6,40.160555,-107.04071,Middle Hunt Creek,A,ALLEN BASIN RES,3,GPS,58,5803500
30,2249.85,,6,40.160555,-107.04071,Middle Hunt Creek,A,ALLEN BASIN RES,3,GPS,58,5803500
31,2249.85,,6,40.160555,-107.04071,Middle Hunt Creek,A,ALLEN BASIN RES,3,GPS,58,5803500
32,2249.85,,6,40.160555,-107.04071,Middle Hunt Creek,A,ALLEN BASIN RES,3,GPS,58,5803500
33,2249.85,,6,40.160555,-107.04071,Middle Hunt Creek,A,ALLEN BASIN RES,3,GPS,58,5803500
34,2249.85,,6,40.160555,-107.04071,Middle Hunt Creek,A,ALLEN BASIN RES,3,GPS,58,5803500
35,2249.85,,6,40.160555,-107.04071,Middle Hunt Creek,A,ALLEN BASIN RES,3,GPS,58,5803500
36,2249.85,,6,40.160555,-107.04071,Middle Hunt Creek,A,ALLEN BASIN RES,3,GPS,58,5803500
37,2249.85,,6,40.160555,-107.04071,Middle Hunt Creek,A,ALLEN BASIN RES,3,GPS,58,5803500
38,2249.85,,6,40.160555,-107.04071,Middle Hunt Creek,A,ALLEN BASIN RES,3,GPS,58,5803500
39,2249.85,,6,40.160555,-107.04071,Middle Hunt Creek,A,ALLEN BASIN RES,3,GPS,58,5803500
40,2.59,,6,40.466025,-106.818684,Fish Creek,A,ALMA M BAER RES,3,GPS,58,5803501
41,51.652,,6,40.302358,-106.932619,Deadman's Creek,A,BEAR LAKE RES,3,Digitized off map,58,5803502
42,25.6,,6,40.176014,-106.837423,Lawson Creek,A,BISON PARK RES,3,GPS,58,5803503
43,25.6,,6,40.176014,-106.837423,Lawson Creek,A,BISON PARK RES,3,GPS,58,5803503
44,34.6,,6,40.114168,-107.025383,Watson Creek,A,BULL PARK RES 2,3,GPS,58,5803504
45,87.22,,6,40.133518,-107.017202,South Hunt Creek,A,BURNT MESA RES,3,GPS,58,5803505
46,246.5,,6,40.186166,-107.091174,Little Oak Creek,A,CHAPMAN RES,3,GPS,58,5803506
47,25.0,,6,40.107136,-106.911817,Brinker Creek,A,FINGER ROCK STORAGE POND,3,GPS,58,5803507
48,25.0,,6,40.107136,-106.911817,Brinker Creek,A,FINGER ROCK STORAGE POND,3,GPS,58,5803507
49,2042.06,0.0,6,40.493775,-106.705626,Middle Fork Fish Creek,A,FISH CREEK RES,3,GPS,58,5803508
50,35.0,,6,40.154512,-106.868273,Wheeler Creek,A,FISH LAKE RES 2,3,GPS,58,5803509
51,7.63,,6,40.28334,-106.895718,Jack Creek,U,FRENCH RES,3,GPS,58,5803510
52,1155.6,,6,40.04984,-107.017499,Gardner Creek,A,GARDNER PARK RESERVOIR,3,GPS,58,5803511
53,1155.6,,6,40.04984,-107.017499,Gardner Creek,A,GARDNER PARK RESERVOIR,3,GPS,58,5803511
54,1155.6,,6,40.04984,-107.017499,Gardner Creek,A,GARDNER PARK RESERVOIR,3,GPS,58,5803511
55,1155.6,,6,40.04984,-107.017499,Gardner Creek,A,GARDNER PARK RESERVOIR,3,GPS,58,5803511
56,1155.6,,6,40.04984,-107.017499,Gardner Creek,A,GARDNER PARK RESERVOIR,3,GPS,58,5803511
57,1155.6,,6,40.04984,-107.017499,Gardner Creek,A,GARDNER PARK RESERVOIR,3,GPS,58,5803511
58,1155.6,,6,40.04984,-107.017499,Gardner Creek,A,GARDNER PARK RESERVOIR,3,GPS,58,5803511
59,1155.6,,6,40.04984,-107.017499,Gardner Creek,A,GARDNER PARK RESERVOIR,3,GPS,58,5803511
60,1155.6,,6,40.04984,-107.017499,Gardner Creek,A,GARDNER PARK RESERVOIR,3,GPS,58,5803511
61,1155.6,,6,40.04984,-107.017499,Gardner Creek,A,GARDNER PARK RESERVOIR,3,GPS,58,5803511
62,1155.6,,6,40.04984,-107.017499,Gardner Creek,A,GARDNER PARK RESERVOIR,3,GPS,58,5803511
63,600.5,,6,40.834474,-106.986881,Willow Creek,A,HAHNS PEAK RES,3,GPS,58,5803512
64,283.06,,6,40.107919,-107.04167,Watson Creek,A,HEART LAKE RES,3,GPS,58,5803513
65,283.06,,6,40.107919,-107.04167,Watson Creek,A,HEART LAKE RES,3,GPS,58,5803513
66,0.38,,6,40.339824,-106.886315,Grouse Creek,A,KERN RES,3,GPS,58,5803514
67,2.36,,6,40.280317,-106.918946,Yampa River,A,LA FORCE RES 1,3,Digitized off map,58,5803515
68,6.53,,6,40.27826,-106.920229,Yampa River,A,LA FORCE RES 2,3,Digitized off map,58,5803516
69,6.56,,6,40.283703,-106.926606,Oak Creek,A,LA FORCE RES 3,3,Digitized off map,58,5803517
70,292.0,,6,40.150807,-106.871776,Wheeler Creek,A,LAKE CREEK RES,3,GPS,58,5803518
71,137.4,,6,40.515209,-106.990854,De Cora Gulch,A,LAKE WINDEMERE RES,3,GPS,58,5803519
72,137.4,,6,40.515209,-106.990854,De Cora Gulch,A,LAKE WINDEMERE RES,3,GPS,58,5803519
73,20.6,,6,40.604821,-107.04724,Chimney Creek,A,LEE RESERVOIR,3,GPS,58,5803520
74,5657.0,,6,40.779415,-106.888958,Lester Creek,A,LESTER CK RESERVOIR,3,GPS,58,5803521
75,395.6,,6,40.475711,-106.690411,South Fork Fish Creek,A,LONG LAKE RES,3,GPS,58,5803522
76,,,6,40.246295,-107.017796,Yampa River,H,LOWRY RESERVOIR,3,Digitized off map,58,5803523
77,,,6,40.246295,-107.017796,Yampa River,H,LOWRY RESERVOIR,3,Digitized off map,58,5803523
78,31.0,,6,40.606913,-107.012579,Georges Gulch,A,MAY RESERVOIR,3,GPS,58,5803524
79,191.2,,6,40.118126,-107.030347,Watson Creek,A,MCCHIVVIS RES,3,GPS,58,5803525
80,17.6,,6,40.49182,-106.899628,Milk Creek,A,MILK CREEK RESERVOIR,3,GPS,58,5803526
81,,,6,40.283195,-106.966938,Oak Creek,N,MOFFAT COAL CO RES,3,Digitized off map,58,5803527
82,20.85,,6,40.068728,-107.022336,Moore Park Creek,A,MOORE PARK RES,3,GPS,58,5803528
83,,,6,40.746639,-106.9669,Cottonwood Gulch,U,MURPHY RES,3,Digitized off map,58,5803529
84,28.5,,6,40.2558,-106.990154,Oak Creek,A,OAK CREEK RES,3,GPS,58,5803530
85,15.5,,6,40.222346,-106.888352,Raspberry Creek,A,OSBORNE RES,3,GPS,58,5803531
86,122.4,,6,40.04647,-107.049822,Dome Creek,A,RAMS HORN RES,3,GPS,58,5803532
87,35.77,,6,40.493902,-106.889633,Yampa River,A,REYNOLDS RES,3,Digitized off map,58,5803533
88,35.77,,6,40.493902,-106.889633,Yampa River,A,REYNOLDS RES,3,Digitized off map,58,5803533
89,0.0,0.0,6,40.589548,-106.899201,Big Creek,A,SANDELIN RES NO1,3,GPS,58,5803534
90,7.0,,6,40.586732,-106.900633,Big Creek,A,SANDELIN RES NO2,3,GPS,58,5803535
91,,,6,40.275758,-106.758606,Sarvis Creek,H,SARVIS TIMBER CO RES 2,3,Spotted from quarters,58,5803536
92,,,6,40.278745,-106.754127,Sarvis Creek,H,SARVIS TIMBER CO RES 3,3,Digitized off map,58,5803537
93,,,6,40.269411,-106.714535,Sarvis Creek,H,SARVIS TIMBER CO RES 6,3,Digitized off map,58,5803538
94,1105.71,,6,40.170264,-107.054588,Middle Hunt Creek,A,SIMON RES 1,3,GPS,58,5803539
95,1105.71,,6,40.170264,-107.054588,Middle Hunt Creek,A,SIMON RES 1,3,GPS,58,5803539
96,1105.71,,6,40.170264,-107.054588,Middle Hunt Creek,A,SIMON RES 1,3,GPS,58,5803539
97,1105.71,,6,40.170264,-107.054588,Middle Hunt Creek,A,SIMON RES 1,3,GPS,58,5803539
98,1105.71,,6,40.170264,-107.054588,Middle Hunt Creek,A,SIMON RES 1,3,GPS,58,5803539
99,1105.71,,6,40.170264,-107.054588,Middle Hunt Creek,A,SIMON RES 1,3,GPS,58,5803539
100,6392.0,,6,40.026752,-107.12424,Bear River,A,STILLWATER RES 1,3,GPS,58,5803540
101,6392.0,,6,40.026752,-107.12424,Bear River,A,STILLWATER RES 1,3,GPS,58,5803540
102,6392.0,,6,40.026752,-107.12424,Bear River,A,STILLWATER RES 1,3,GPS,58,5803540
103,6392.0,,6,40.026752,-107.12424,Bear River,A,STILLWATER RES 1,3,GPS,58,5803540
104,6392.0,,6,40.026752,-107.12424,Bear River,A,STILLWATER RES 1,3,GPS,58,5803540
105,6392.0,,6,40.026752,-107.12424,Bear River,A,STILLWATER RES 1,3,GPS,58,5803540
106,6392.0,,6,40.026752,-107.12424,Bear River,A,STILLWATER RES 1,3,GPS,58,5803540
107,6392.0,,6,40.026752,-107.12424,Bear River,A,STILLWATER RES 1,3,GPS,58,5803540
108,6392.0,,6,40.026752,-107.12424,Bear River,A,STILLWATER RES 1,3,GPS,58,5803540
109,6392.0,,6,40.026752,-107.12424,Bear River,A,STILLWATER RES 1,3,GPS,58,5803540
110,6392.0,,6,40.026752,-107.12424,Bear River,A,STILLWATER RES 1,3,GPS,58,5803540
111,6392.0,,6,40.026752,-107.12424,Bear River,A,STILLWATER RES 1,3,GPS,58,5803540
112,6392.0,,6,40.026752,-107.12424,Bear River,A,STILLWATER RES 1,3,GPS,58,5803540
113,6392.0,,6,40.026752,-107.12424,Bear River,A,STILLWATER RES 1,3,GPS,58,5803540
114,6392.0,,6,40.026752,-107.12424,Bear River,A,STILLWATER RES 1,3,GPS,58,5803540
115,6392.0,,6,40.026752,-107.12424,Bear River,A,STILLWATER RES 1,3,GPS,58,5803540
116,6392.0,,6,40.026752,-107.12424,Bear River,A,STILLWATER RES 1,3,GPS,58,5803540
117,6392.0,,6,40.026752,-107.12424,Bear River,A,STILLWATER RES 1,3,GPS,58,5803540
118,6392.0,,6,40.026752,-107.12424,Bear River,A,STILLWATER RES 1,3,GPS,58,5803540
119,6392.0,,6,40.026752,-107.12424,Bear River,A,STILLWATER RES 1,3,GPS,58,5803540
120,4.59,,6,40.488522,-106.80872,Spring Creek,A,STUCKEY DIST RES,3,Digitized off map,58,5803541
121,27.54,,6,40.535246,-106.781604,Soda Creek,A,STUCKEY STORAGE RES,3,Digitized off map,58,5803542
122,,,6,40.378705,-106.908767,Willey Creek,U,SUMMER RES,3,Digitized off map,58,5803543
123,149.3,,6,40.543967,-106.978587,Trull Creek,A,TRULL CR RES,3,GPS,58,5803544
124,620.0,,6,40.044246,-107.072588,Bear River,A,BEAR LAKE,3,GPS,58,5803545
125,37.0,,6,40.152901,-106.870941,Wheeler Creek,A,WHEELER RES,3,GPS,58,5803546
126,428.58,,6,40.201017,-106.894198,Whipple Creek,A,WHITELEY NELSON RES,3,GPS,58,5803547
127,2.61,,6,40.420903,-106.898727,Cow Creek,U,WILEY RESERVOIR,3,Digitized off map,58,5803548
128,0.25,,6,40.524634,-106.992311,Farnsworth Creek,U,RAWLINS POND 1,3,Spotted from section lines,58,5803549
129,,,6,40.633695,-107.059523,Renfro Creek,N,SUCHY GULCH RES,3,Spotted from section lines,58,5803550
130,11.0,,6,40.379996,-106.891075,Willey Creek,A,DEER PARK POND 3,3,GPS,58,5803551
131,2.0,,6,40.607085,-107.085383,Deep Creek,U,MILLARD POND NO 1,3,Spotted from section lines,58,5803552
132,5.0,,6,40.648478,-107.092534,Deep Creek,U,SMITH RANCHO RES 54,3,Spotted from section lines,58,5803553
133,5.0,,6,40.64683,-107.093254,Deep Creek,U,SMITH RANCHO RES 55,3,Spotted from section lines,58,5803554
134,25.8,,6,40.601845,-107.065468,Turner Creek,A,SMITH RANCHO RES 56,3,GPS,58,5803555
135,25.8,,6,40.601845,-107.065468,Turner Creek,A,SMITH RANCHO RES 56,3,GPS,58,5803555
136,10.0,,6,40.59332,-107.072686,Chimney Creek,U,SMITH RANCHO RES 57,3,GPS,58,5803556
137,2.0,,6,40.355073,-106.89167,Oak Creek,U,BROLLIER RESERVOIR,3,Spotted from section lines,58,5803557
138,3.0,,6,40.641576,-106.90237,Big Creek,U,BROOKSHIRE RES 1,3,Spotted from section lines,58,5803558
139,3.0,,6,40.632887,-106.90676,Goose Creek,U,BROOKSHIRE RES 2,3,Spotted from section lines,58,5803559
140,12.0,,6,40.784751,-107.001456,Mill Creek,A,MAPHIS POND,3,GPS,58,5803560
141,4.0,0.0,6,40.634065,-106.950549,Yampa River,A,CHARLIES POND,3,GPS,58,5803561
142,2.5,,6,40.79456,-106.999948,Mill Creek,U,KOELMEL POND,3,Spotted from section lines,58,5803562
143,1.5,,6,40.229553,-106.953472,Yampa River,U,NO NAME RESERVOIR,3,Spotted from section lines,58,5803563
144,1.5,,6,40.229553,-106.953472,Yampa River,U,NO NAME RESERVOIR,3,Spotted from section lines,58,5803563
145,50.41,,6,40.287493,-106.887988,Yampa River,A,OVERMAN RESERVOIR,3,GPS,58,5803564
146,50.41,,6,40.287493,-106.887988,Yampa River,A,OVERMAN RESERVOIR,3,GPS,58,5803564
147,5.0,,6,40.240188,-106.869204,Middle Creek,U,JACKSON RESERVOIR,3,GPS,58,5803565
148,8.4,,6,40.800501,-106.922296,Ways Gulch,U,CABRERA POND 1,3,Digitized off map,58,5803566
149,,,6,40.803052,-106.919477,Ways Gulch,N,CABRERA POND 2,3,Digitized off map,58,5803567
150,0.25,,6,40.297291,-106.882364,Martin Creek,U,ALLENS POND,3,Spotted from section lines,58,5803568
151,32.0,,6,40.347115,-106.902613,Oak Creek,A,FOLLY POND,3,GPS,58,5803569
152,0.11,,6,40.537073,-106.825014,Kirkbride Creek,U,WHITEMAN SCHOOL POND,3,Spotted from section lines,58,5803570
153,10.0,0.25,6,40.569739,-106.992233,Trull Creek,A,MYSTIC RESERVOIR 2,3,GPS,58,5803571
154,0.5,,6,40.311381,-106.882895,Dry Creek,U,BEAVER RESERVOIR,3,Spotted from section lines,58,5803572
155,12.0,,6,40.34391,-106.866539,Grouse Creek,U,THORNE/MILLER RESERVOIR,3,Spotted from section lines,58,5803573
156,0.28,,6,40.570075,-106.998046,Trull Creek,U,MYSTIC RES NO 1,3,Spotted from section lines,58,5803574
157,0.0193,,6,40.579212,-106.990837,Trull Creek,U,MYSTIC RES NO 3,3,Spotted from section lines,58,5803575
158,1.5,,6,40.584059,-106.983207,Salt Creek,U,MYSTIC RES NO 4,3,Spotted from section lines,58,5803576
159,0.06,,6,40.584129,-106.982308,Salt Creek,U,MYSTIC RES NO 5,3,Spotted from section lines,58,5803577
160,0.0206,,6,40.585721,-106.977466,Salt Creek,U,MYSTIC RES NO 6,3,Spotted from section lines,58,5803578
161,0.1515,,6,40.585719,-106.977285,Salt Creek,U,MYSTIC RES NO 7,3,Spotted from section lines,58,5803579
162,0.0172,,6,40.574206,-106.999837,Trull Creek,U,MYSTIC RES NO 8,3,Spotted from section lines,58,5803580
163,0.3,,6,40.582457,-107.002962,Salt Creek,U,MYSTIC RES NO 9,3,Spotted from section lines,58,5803581
164,0.0172,,6,40.581952,-107.009982,Salt Creek,U,MYSTIC RES NO 10,3,Spotted from section lines,58,5803582
165,0.57,,6,40.570005,-107.009592,Roe Branch,U,BUTTE RES,3,Spotted from section lines,58,5803583
166,5.8,,6,40.48256,-106.97165,Yampa River,A,KENYON FISH POND,3,GPS,58,5803585
167,,,6,40.641631,-107.061515,Renfro Creek,A,FAIT RESERVOIR,3,GPS,58,5803586
168,,,6,40.488814,-106.807348,Spring Creek,A,UPPER SPRING CK RES,3,GPS,58,5803587
169,5.0,,6,40.61535,-106.945016,Yampa River,A,MOOSE WILLOW POND,3,GPS,58,5803588
170,,,6,40.724194,-106.895965,Yampa River,N,LYONS POND,3,Spotted from section lines,58,5803589
171,3.5,,6,40.41012,-106.832298,Yampa River,A,HOLLORAN RESERVOIR NO 1,3,GPS,58,5803590
172,,,6,40.404635,-106.833125,Yampa River,H,HOLLORAN RESERVOIR NO 2,3,Spotted from section lines,58,5803591
173,2.0,,6,40.364699,-106.84057,Grouse Creek,U,CLEMENTSON POND,3,Spotted from section lines,58,5803592
174,3.0,,6,40.610899,-106.9816,Georges Gulch,U,MOOSVILLE POND,3,GPS,58,5803593
175,1.0,,6,40.332247,-106.881657,Grouse Creek,U,SUNDANCE POND,3,Spotted from section lines,58,5803594
176,1.0,,6,40.346656,-106.864711,Grouse Creek,U,BIEBER RESERVOIR,3,Spotted from section lines,58,5803595
177,13.03,,6,40.470247,-106.813137,Fish Creek,A,LODWICK POND,3,GPS,58,5803596
178,,,6,40.790556,-106.913375,Beaver Creek,N,GAI'S TEAR RESERVOIR,3,Spotted from section lines,58,5803597
179,3.0,,6,40.346252,-106.869327,Grouse Creek,U,BIEBER RESERVOIR NO 2,3,Spotted from section lines,58,5803598
180,1.82,,6,40.469628,-106.813568,Fish Creek,A,VALENTINE POND,3,GPS,58,5803599
181,0.75,,6,40.59919,-106.962041,Salt Creek,U,VIOLA POND NO 1,3,Spotted from section lines,58,5803600
182,0.75,,6,40.597915,-106.964168,Salt Creek,U,VIOLA POND NO 2,3,Spotted from section lines,58,5803601
183,4.4,,6,40.524156,-106.826642,Soda Creek,U,G G POND,3,Digitized off map,58,5803602
184,6.9,,6,40.488211,-106.967745,Yampa River,A,CHAPMAN POND,3,GPS,58,5803603
185,0.75,,6,40.595316,-106.991529,Salt Creek,U,WHEELER POND NO 1,3,Spotted from section lines,58,5803604
186,0.75,,6,40.597894,-106.983275,Salt Creek,U,WHEELER POND NO 2,3,Spotted from section lines,58,5803605
187,0.75,,6,40.601902,-106.978353,Salt Creek,U,WHEELER POND NO 3,3,Spotted from section lines,58,5803606
188,0.75,,6,40.609508,-106.968167,Salt Creek,U,WHEELER POND NO 4,3,Spotted from section lines,58,5803607
189,0.75,,6,40.590085,-106.993977,Salt Creek,U,WHEELER POND NO 5,3,Spotted from section lines,58,5803608
190,10.0,,6,40.784503,-106.996566,Mill Creek,A,WILDFLOWER POND,3,GPS,58,5803609
191,3.0,,6,40.231105,-106.950071,Yampa River,U,SALOMON UPPER POND,3,Spotted from section lines,58,5803610
192,7.39,,6,40.753391,-106.842178,Coulton Creek,A,VAN STRAATEN POND,3,GPS,58,5803611
193,0.25,,6,40.299458,-106.873188,Martin Creek,U,MAURYS POND,3,Spotted from section lines,58,5803612
194,0.25,,6,40.29885,-106.868452,Martin Creek,U,CANDYS POND,3,Spotted from section lines,58,5803613
195,0.2,,6,40.598176,-106.913993,Yampa River,U,ZINA POND,3,Spotted from section lines,58,5803614
196,0.1,,6,40.503205,-106.808507,Butcherknife Creek,U,MOWERY POND,3,Spotted from section lines,58,5803615
197,3.0,,6,40.628456,-106.928661,Yampa River,U,BROOKSHIRE RES NO 3,3,Spotted from section lines,58,5803616
198,2.0,,6,40.615146,-106.933283,Yampa River,N,BROOKSHIRE RES NO 4,3,Spotted from section lines,58,5803617
199,1.0,,6,40.610437,-106.931787,Yampa River,U,BROOKSHIRE RES NO 5,3,Spotted from section lines,58,5803618
200,,,6,40.445515,-106.803652,Bear Creek,A,BEAR CREEK DAM,3,Digitized off map,58,5803619
201,3.0,,6,40.802166,-106.920212,Ways Gulch,U,CABRERA POND NO 2,3,Spotted from section lines,58,5803620
202,2.0,,6,40.811985,-106.984076,Larson Creek,U,NOREENS POND,3,GPS,58,5803621
203,2.5,,6,40.619975,-106.986291,Deep Creek,U,DEEP CREEK POND #1,3,Spotted from section lines,58,5803622
204,0.5,,6,40.626318,-107.0024,Deep Creek,U,DEEP CREEK POND #2,3,Spotted from section lines,58,5803623
205,1.5,,6,40.611201,-106.988407,Georges Gulch,U,FOSSIL POND,3,Spotted from section lines,58,5803624
206,11.5,,6,40.627129,-106.982306,Deep Creek,U,MINK POND,3,Spotted from section lines,58,5803625
207,1.5,,6,40.079558,-106.891108,Chimney Creek,A,FIVE PINE POND,3,GPS,58,5803626
208,9.5,,6,40.143511,-107.027874,South Hunt Creek,A,BELLYACHE RESERVOIR,3,GPS,58,5803627
209,0.25,,6,40.334536,-106.855966,Dry Creek,U,DAVES POND & FEEDER D,3,Spotted from section lines,58,5803628
210,6.0,,6,40.521983,-106.982485,Fawn Creek,A,TARZIAN RES 1,3,GPS,58,5803629
211,70.0,,6,40.463533,-106.828772,Fish Creek,A,FETCHER POND,3,Spotted from section lines,58,5803630
212,11800.0,,6,40.365034,-106.80015,Yampa River,A,LAKE CATAMOUNT,3,GPS,58,5803631
213,11800.0,,6,40.365034,-106.80015,Yampa River,A,LAKE CATAMOUNT,3,GPS,58,5803631
214,11800.0,,6,40.365034,-106.80015,Yampa River,A,LAKE CATAMOUNT,3,GPS,58,5803631
215,11800.0,,6,40.365034,-106.80015,Yampa River,A,LAKE CATAMOUNT,3,GPS,58,5803631
216,54.39,0.0,6,40.499322,-106.922602,Yampa River,A,HOGUE RES,3,Digitized off map,58,5803632
217,7.0,,6,40.407519,-106.836682,Yampa River,A,COW WATER POND,3,Digitized off map,58,5803633
218,0.0,,6,40.252711,-106.858492,Middle Creek,A,LOWER SNOWMAKING POND,3,Spotted from section lines,58,5803634
219,10.0,,6,40.190637,-106.987272,Middle Hunt Creek,A,ROSSI RESERVOIR 1,3,GPS,58,5803635
220,0.0,,6,40.239992,-106.868459,Middle Creek,A,UPPER SNOWMAKING POND,3,Spotted from section lines,58,5803636
221,8.26,,6,40.723885,-106.889281,Elk River,A,ROCK CREEK RANCH POND 2,3,GPS,58,5803637
222,1.71,,6,40.72261,-106.891222,Rock Creek,A,ROCK CREEK RANCH POND 1,3,GPS,58,5803638
223,30.0,,6,40.427915,-106.822695,Yampa River,A,VANDERBLOEMAN WEST POND,3,Spotted from section lines,58,5803639
224,30.0,,6,40.427915,-106.822695,Yampa River,A,VANDERBLOEMAN WEST POND,3,Spotted from section lines,58,5803639
225,10.0,,6,40.427763,-106.818931,Yampa River,A,WILSON (EAST) POND,3,Spotted from section lines,58,5803640
226,10.0,,6,40.427763,-106.818931,Yampa River,A,WILSON (EAST) POND,3,Spotted from section lines,58,5803640
227,0.25,,6,40.571621,-106.892907,Yampa River,U,KENTNOR POND #1,3,Spotted from section lines,58,5803641
228,4.0,,6,40.494245,-106.86437,Yampa River,U,COTTONWOOD LAKE,3,Spotted from section lines,58,5803642
229,4.5,,6,40.110671,-106.846669,Beaver Creek,U,MILHOLLAND RESERVOIR,3,GPS,58,5803643
230,0.38,,6,40.493031,-106.827886,Soda Creek,A,HOLLINGWORTH FISH POND 2,3,GPS,58,5803644
231,0.38,,6,40.493031,-106.827886,Soda Creek,A,HOLLINGWORTH FISH POND 2,3,GPS,58,5803644
232,4.0,,6,40.724965,-106.899731,Yampa River,U,RUNNING ELK RESERVOIR,3,Digitized off map,58,5803645
233,5.0,,6,40.387022,-106.852675,Oak Creek,U,BRAINARD POND NO. 1,3,Spotted from section lines,58,5803646
234,1.0,,6,40.387435,-106.852526,Oak Creek,U,BRAINARD POND NO. 2,3,Spotted from section lines,58,5803647
235,0.1,,6,40.279467,-106.886813,Yampa River,U,CABIN POND #1,3,Spotted from section lines,58,5803648
236,0.05,,6,40.279053,-106.886817,Yampa River,U,CABIN POND #2,3,Spotted from section lines,58,5803649
237,0.01,,6,40.282516,-106.90005,Jack Creek,U,JACK CREEK POND,3,Spotted from section lines,58,5803650
238,3.0,,6,40.292988,-106.894035,Yampa River,U,MUDDY POND #1,3,Digitized off map,58,5803651
239,1.5,,6,40.292055,-106.888856,Yampa River,U,MUDDY POND #2,3,Digitized off map,58,5803652
240,1.5,,6,40.290376,-106.885198,Yampa River,U,OVERMAN POND,3,Digitized off map,58,5803653
241,0.1,,6,40.286564,-106.906478,Jack Creek,U,POCKET POND,3,Spotted from section lines,58,5803654
242,0.1,,6,40.518408,-106.854678,Woodchuck Creek,U,SORENSEN POND #1,3,Spotted from section lines,58,5803655
243,0.08,,6,40.517528,-106.857908,Woodchuck Creek,U,SORENSEN POND #2,3,Spotted from section lines,58,5803656
244,1.75,,6,40.625409,-107.058959,Miller Creek,A,ELAINE RESERVOIR,3,GPS,58,5803657
245,5.5,,6,40.623729,-107.057158,Miller Creek,A,JENNIFER RESERVOIR,3,GPS,58,5803658
246,2.5,,6,40.625313,-107.059275,Miller Creek,A,JILL RESERVOIR,3,GPS,58,5803659
247,0.9,,6,40.622704,-107.057828,Miller Creek,U,NANCY RESERVOIR,3,Spotted from section lines,58,5803660
248,1.5,,6,40.176295,-106.98831,South Hunt Creek,A,ROBERTS POND,3,GPS,58,5803661
249,2.5,,6,40.158364,-106.920275,Watson Creek,A,SPRING CREEK POND,3,GPS,58,5803662
250,1.0,,6,40.412978,-106.888154,Cow Creek,U,WHITTLESEY POND #1,3,Spotted from section lines,58,5803663
251,0.4,,6,40.412013,-106.89067,Cow Creek,U,WHITTLESEY POND #2,3,Spotted from section lines,58,5803664
252,0.2,,6,40.412151,-106.888874,Cow Creek,U,WHITTLESEY POND #3,3,Spotted from section lines,58,5803665
253,0.2,,6,40.412154,-106.888157,Cow Creek,U,WHITTLESEY POND #4,3,Spotted from section lines,58,5803666
254,2.0,,6,40.412024,-106.883129,Cow Creek,U,WHITTLESEY POND #5,3,Spotted from section lines,58,5803667
255,0.2,,6,40.411336,-106.885822,Cow Creek,U,WHITTLESEY POND #6,3,Spotted from section lines,58,5803668
256,4.0,,6,40.407904,-106.885818,Cow Creek,U,WHITTLESEY POND #7,3,Spotted from section lines,58,5803669
257,0.1,,6,40.558426,-106.918735,Yampa River,U,CHOTVACS POND #1,3,Spotted from section lines,58,5803670
258,,,6,40.558666,-106.929179,Dry Gulch,N,CHOTVACS POND #2,3,Spotted from section lines,58,5803671
259,7.0,,6,40.237789,-106.820179,Little Morrison Creek,A,CARACOL #1,3,GPS,58,5803672
260,0.0,,6,40.233682,-106.820139,Little Morrison Creek,N,CARACOL #2,3,Digitized off map,58,5803673
261,1.12,,6,40.390367,-106.809017,McKinnis Creek,A,CIRCLE BAR RANCH POND #1,3,Spotted from section lines,58,5803674
262,6.24,,6,40.389589,-106.810057,McKinnis Creek,A,CIRCLE BAR RANCH POND #2,3,Spotted from section lines,58,5803675
263,0.0,,6,40.432542,-106.804286,Priest Creek,N,PRIEST POND 1,3,Spotted from section lines,58,5803676
264,0.0,,6,40.433138,-106.805896,Priest Creek,N,PRIEST POND 2,3,Spotted from section lines,58,5803677
265,30.0,,6,40.145972,-106.720642,Morrison Creek,A,BUFFALOW RESERVOIR,3,Digitized off map,58,5803678
266,122.0,,6,40.406984,-106.798545,Walton Creek,A,STORM MOUNTAIN RES #1,3,GPS,58,5803679
267,5.0,,6,40.407935,-106.806313,Walton Creek,A,STORM MOUNTAIN RES #2,3,GPS,58,5803680
268,10.0,,6,40.80819,-106.927091,Ways Gulch,U,FOUR BAR G RES,3,Spotted from section lines,58,5803681
269,0.35,,6,40.724194,-106.895965,Yampa River,U,REEDY POND,3,Spotted from section lines,58,5803682
270,2.0,,6,40.261564,-106.869804,Yampa River,U,INDIAN SPRINGS POND,3,GPS,58,5803683
271,1.0,,6,40.528613,-106.98144,Farnsworth Creek,A,BRENDAN'S POND,3,GPS,58,5803684
272,0.35,,6,40.523168,-106.974835,Farnsworth Creek,A,CINDY'S POND,3,GPS,58,5803685
273,0.2,,6,40.522281,-106.973537,Farnsworth Creek,A,MOLLY'S POND,3,Spotted from section lines,58,5803686
274,0.6,,6,40.523891,-106.97632,Farnsworth Creek,A,PETER'S POND,3,GPS,58,5803687
275,0.0,,6,40.41104,-106.79896,Yampa River,A,GOLF COURSE POND,3,Digitized off map,58,5803688
276,7.5,,6,40.539032,-106.880876,Yampa River,A,DURYEA DAM,3,GPS,58,5803689
277,,,6,40.272632,-106.962206,Oak Creek,N,CASITA POND,3,Spotted from section lines,58,5803690
278,0.0,,6,40.747913,-106.919874,Yampa River,N,LOWER BUCKHEAD POND,3,Spotted from section lines,58,5803691
279,0.0,,6,40.346163,-106.823817,Yampa River,A,WATER FEATURE POND,3,Spotted from quarters,58,5803692
280,,,6,40.748876,-106.921021,Yampa River,N,UPPER BUCKHEAD POND,3,Spotted from section lines,58,5803693
281,1.0,,6,40.749449,-106.919889,Yampa River,U,BUCKHEAD POND,3,GPS,58,5803694
282,5.0,,6,40.156004,-106.87463,Wheeler Creek,A,TETERS RESERVOIR 1,3,GPS,58,5803695
283,1.0,,6,40.15126,-106.875486,Wheeler Creek,A,TETERS RESERVOIR 2,3,Digitized off map,58,5803696
284,0.5,,6,40.151535,-106.876327,Wheeler Creek,A,TETERS RESERVOIR 3,3,GPS,58,5803697
285,0.25,,6,40.15312,-106.880245,Wheeler Creek,A,TETERS RESERVOIR 4,3,GPS,58,5803698
286,8.0,,6,40.231931,-106.80768,Little Morrison Creek,A,JOHNSON POND NO. 1,3,GPS,58,5803699
287,0.0365,,6,40.748479,-106.916693,Elk River,U,CHILE POND,3,Spotted from section lines,58,5803700
288,0.0,,6,40.216637,-107.077448,Oak Creek,N,PINNACLE PEAK POND NO. 1,3,Spotted from section lines,58,5803701
289,0.0,,6,40.217288,-107.075285,Oak Creek,N,PINNACLE PEAK POND NO. 2,3,Spotted from section lines,58,5803702
290,0.0,,6,40.218185,-107.072756,Oak Creek,N,PINNACLE PEAK POND NO. 3,3,Spotted from section lines,58,5803703
291,0.0,,6,40.225599,-107.061375,Oak Creek,N,PINNACLE PEAK POND NO. 4,3,Spotted from section lines,58,5803704
292,0.0,,6,40.218323,-107.071321,Oak Creek,N,PINNACLE PEAK POND ALT A,3,Spotted from section lines,58,5803705
293,0.0,,6,40.213515,-107.080206,Oak Creek,N,PINNACLE PEAK POND ALT B,3,Spotted from section lines,58,5803706
294,0.0,,6,40.218482,-107.069476,Oak Creek,N,PINNACLE PEAK POND ALT C,3,GPS,58,5803707
295,0.2,,6,40.484222,-106.8341,Butcherknife Creek,A,MCGILL POND,3,GPS,58,5803708
296,,0.0,6,40.501951,-106.908044,Yampa River,A,STEAMBOAT GC POND 2,3,GPS,58,5803709
297,,0.0,6,40.502152,-106.905643,Yampa River,A,STEAMBOAT GC POND 3,3,GPS,58,5803710
298,0.1,,6,40.385445,-106.771399,McKinnis Creek,U,MXKIN XR PD,3,Spotted from quarters,58,5803711
299,0.0,,6,40.232725,-106.947481,Yampa River,U,SALOMON LOWER POND,3,Spotted from section lines,58,5803713
300,0.0,0.0,6,40.365034,-106.80015,Yampa River,A,PLEASANT VALLEY RESVR,3,Digitized off map,58,5803714
301,0.0,,6,40.756022,-106.914825,Yampa River,N,WILLOW CK PASS POND  #1,3,Spotted from section lines,58,5803715
302,4.0,,6,40.624395,-106.878044,Big Creek,A,DITCH CREEK RESERVOIR #1,3,GPS,58,5803716
303,11.0,,6,40.622673,-106.88198,Big Creek,A,DITCH CREEK RESERVOIR #2,3,GPS,58,5803717
304,0.0,,6,40.64913,-106.877996,Corral Creek,N,CORRAL CREEK RESERVOIR,3,Spotted from section lines,58,5803718
305,0.46,,6,40.346488,-106.932265,Oak Creek,U,LEININGER STOCK POND 1,3,Digitized off map,58,5803719
306,0.0,,6,40.662638,-106.86579,Big Creek,N,LAMANTIA RESERVOIR NO. 1,3,Spotted from section lines,58,5803720
307,0.0,,6,40.662644,-106.863447,Big Creek,N,LAMANTIA RESERVOIR NO. 2,3,Spotted from section lines,58,5803721
308,0.0,,6,40.225357,-106.826486,Little Morrison Creek,A,GREENRIDGE POND ENLARGEMENT,3,Digitized off map,58,5803722
309,0.0,,6,40.228477,-106.824589,Little Morrison Creek,N,GREENRIDGE POND NO. 2,3,Spotted from section lines,58,5803723
310,22.5,5.0,6,40.3798,-106.859842,Oak Creek,A,BRUMBACK POND,3,GPS,58,5803724
311,,,6,40.507999,-106.880081,Slate Creek,A,SLATE CREEK DAM,3,Spotted from section lines,58,5803725
312,2.0,,6,40.319473,-106.855568,Dry Creek,U,NORTH STAR POND,3,Spotted from section lines,58,5803726
313,5712.0,,6,40.63376,-106.739076,Mad Creek,A,LAKE ELBERT,3,Digitized off map,58,5803727
314,2.0,,6,40.314304,-106.852463,Dry Creek,U,RAINBOW POND,3,Spotted from section lines,58,5803728
315,6.0,,6,40.265653,-106.947966,Oak Creek,U,BLACKHOLE RES,3,Digitized off map,58,5803729
316,1.377,,6,40.428799,-106.853494,Rocky Creek,U,KNORR POND 2,3,Digitized off map,58,5803730
317,0.031,,6,40.314304,-106.852463,Dry Creek,U,FIREWATER TANK,3,Spotted from section lines,58,5803731
318,3.36,,6,40.539149,-107.011364,Farnsworth Creek,A,COLEMAN POND,3,GPS,58,5803732
319,5.51,,6,40.238922,-106.961976,Little White Snake Creek,N,MEAGHER FAMILY RANCH PD #2,3,GPS,58,5803733
320,,,6,40.233358,-106.963379,Little White Snake Creek,N,MEAGHER FAMILY RANCH PD #3,3,GPS,58,5803734
321,3.0,,6,40.645277,-107.022956,Smith Creek,A,M&M POND,3,GPS,58,5803735
322,0.04,,6,40.854275,-106.971006,Willow Creek,U,SKEETER'S POND,3,GPS,58,5803736
323,0.03,,6,40.853317,-106.970642,Willow Creek,U,BUDDY'S POND,3,Spotted from section lines,58,5803737
324,0.35,,6,40.5903,-106.929092,Salt Creek,N,EGGLESTON POND,3,Spotted from section lines,58,5803738
325,3.1,,6,40.231347,-106.808205,Little Morrison Creek,A,JOHNSON POND NO. 2,3,GPS,58,5803739
326,2.08,,6,40.231957,-106.806588,Little Morrison Creek,A,JOHNSON POND NO. 3,3,GPS,58,5803740
327,2.95,,6,40.230135,-106.807879,Little Morrison Creek,A,MOUNTAINAIR POND,3,GPS,58,5803741
328,0.08,,6,40.42753,-106.835377,Yampa River,U,HR COMPOUND LOWER POND,3,Spotted from section lines,58,5803742
329,0.1,,6,40.427659,-106.835725,Yampa River,U,HR COMPOUND UPPER POND,3,Spotted from section lines,58,5803743
330,0.45,0.2673,6,40.431769,-106.835079,Rocky Creek,U,ATLANTIC POND,3,GPS,58,5803744
331,0.58,0.2673,6,40.432682,-106.833724,Rocky Creek,U,BAUDER RESERVOIR 1,3,GPS,58,5803745
332,2.31,,6,40.433463,-106.841833,Agate Creek,U,BAUDER RESERVOIR 2,3,GPS,58,5803746
333,0.82,,6,40.436552,-106.86771,Agate Creek,U,BEAR CLAW POND,3,Spotted from section lines,58,5803747
334,2.69,,6,40.433751,-106.877952,Cow Creek,U,COYOTE TRAIL POND,3,Spotted from section lines,58,5803748
335,1.06,0.0935,6,40.424085,-106.843785,Yampa River,U,UPPER SANDHILL POND,3,Spotted from section lines,58,5803749
336,0.11,,6,40.427504,-106.839252,Yampa River,U,UPPER HAY BARN POND,3,Spotted from section lines,58,5803750
337,0.14,,6,40.425704,-106.836623,Yampa River,U,LOWER HAY BARN POND,3,Spotted from section lines,58,5803751
338,29.0,,6,40.100544,-106.874738,Beaver Creek,A,ICE POND,3,GPS,58,5803752
339,0.124,,6,40.514412,-106.824208,Soda Creek,U,COOK POND NO. 1,3,Spotted from section lines,58,5803753
340,,,6,40.142285,-106.715313,Morrison Creek,A,YOUNGER RES,3,GPS,58,5803754
341,0.0,,6,40.380219,-106.890657,Willey Creek,N,ROLLAND REID RES,3,Digitized off map,58,5803755
342,0.1,0.1,6,40.582184,-106.868509,Mad Creek,U,ELK PRK PD,3,Spotted from quarters,58,5803756
343,3.0,,6,40.853787,-106.98631,Willow Creek,U,IRON MT PD,3,Spotted from quarters,58,5803757
344,,,6,40.429824,-106.851966,Rocky Creek,N,KNORR POND 3,3,Digitized off map,58,5803758
345,6.8,3.0,6,40.585871,-106.900373,Big Creek,A,SANDELIN RES NO3,3,GPS,58,5803759
346,1.0,,6,40.821088,-107.010026,Dutch Creek,U,DUTCH CR PD,3,Spotted from quarters,58,5803760
347,0.25,,6,40.798433,-106.898695,Beaver Creek,A,DOROTHY'S POND,3,GPS,58,5803761
348,0.5,,6,40.798281,-106.892006,Beaver Creek,A,RAYMOND'S POND,3,GPS,58,5803762
349,0.6,,6,40.640346,-106.844946,Big Creek,U,WARRICK 2,3,Spotted from quarters,58,5803763
350,0.6,,6,40.636692,-106.868785,Big Creek,U,WARRICK 1,3,Spotted from quarters,58,5803764
351,3.5,,6,40.595155,-106.995091,Salt Creek,A,HARVEY SALT CREEK POND,3,GPS,58,5803765
352,,0.1,6,40.645329,-107.005119,Long Gulch,A,WEST POND,3,Spotted from section lines,58,5803766
353,57.99,,6,40.093548,-106.83681,Beaver Creek,A,CROWNER RESERVOIR,3,GPS,58,5803767
354,0.6,,6,40.705758,-106.891087,Elk River,U,BOBY RES 1,3,Spotted from quarters,58,5803768
355,0.2,,6,40.755958,-106.986302,Red Creek,U,COTTONWD RES,3,Spotted from quarters,58,5803769
356,74.08,,6,40.293645,-106.880277,Martin Creek,A,MARTIN RESERVOIR,3,GPS,58,5803770
357,5.62,,6,40.176489,-106.743222,Morrison Creek,A,TILLQUIST LAKE RESERVOIR,3,GPS,58,5803771
358,5.62,,6,40.176489,-106.743222,Morrison Creek,A,TILLQUIST LAKE RESERVOIR,3,GPS,58,5803771
359,0.4,,6,40.192959,-106.81034,Morrison Creek,U,BEAVER CR PD,3,Spotted from quarters,58,5803772
360,0.4,,6,40.192996,-106.815146,Bushy Creek,U,BEAV CR PD 2,3,Spotted from quarters,58,5803773
361,0.4,,6,40.185985,-106.830144,Bushy Creek,U,BUSHY CR PD,3,Spotted from quarters,58,5803774
362,0.4,,6,40.189631,-106.834607,Bushy Creek,U,BUSHY CR PD 2,3,Spotted from quarters,58,5803775
363,28.0,,6,40.031392,-107.14085,Yampa River,U,LCAUSEWAY,3,Digitized off map,58,5803776
364,12.0,,6,40.061249,-107.120118,Mandall Creek,U,S MANDALL L,3,Digitized off map,58,5803777
365,0.0,,6,40.490225,-106.80554,Spring Creek,N,RATAMACUE POND NO. 1,3,Spotted from section lines,58,5803778
366,2.5,,6,40.634831,-106.996391,Deep Creek,A,HARVEY STOCKWATER POND,3,GPS,58,5803779
367,2.5,,6,40.632044,-106.996615,Deep Creek,A,HARVEY DEEP CREEK POND,3,GPS,58,5803780
368,5.49,,6,40.377918,-106.839482,Yampa River,A,HUDSPETH WATERHOLE POND,3,Digitized off map,58,5803781
369,5.49,,6,40.377918,-106.839482,Yampa River,A,HUDSPETH WATERHOLE POND,3,Digitized off map,58,5803781
370,,,6,40.381807,-106.834015,Grouse Creek,N,ROWE PASTURE POND,3,Spotted from section lines,58,5803782
371,12.0,0.002,6,40.004894,-107.151244,Bear River,U,MOSQUITO L,3,Digitized off map,58,5803783
372,12.0,,6,40.030262,-107.118525,Yampa River,U,COLD SPGS,3,Digitized off map,58,5803784
373,1.0,,6,40.093057,-107.006731,Moody Creek,U,MOODY POND,3,Spotted from quarters,58,5803785
374,6.0,,6,40.047076,-107.046136,Yampa River,U,WOOD LAKE,3,Digitized off map,58,5803786
375,26600.9,0.0,6,40.791394,-106.945939,Willow Creek,A,STEAMBOAT LAKE,3,GPS,58,5803787
376,26600.9,0.0,6,40.791394,-106.945939,Willow Creek,A,STEAMBOAT LAKE,3,GPS,58,5803787
377,1.5,,6,40.492556,-106.828298,Soda Creek,A,HOLLINGWORTH FISH POND,3,GPS,58,5803788
378,,,6,40.380154,-106.832583,Grouse Creek,N,ROWE HOUSE POND,3,Spotted from section lines,58,5803789
379,1.0,,6,40.177551,-107.045194,Middle Hunt Creek,U,BELL POND,3,Spotted from quarters,58,5803790
380,0.6,,6,40.137367,-107.006711,South Hunt Creek,U,LIGHTNING 1,3,Spotted from quarters,58,5803791
381,0.6,,6,40.129758,-107.006776,Watson Creek,U,LIGHTNING 2,3,Spotted from quarters,58,5803792
382,0.6,,6,40.143752,-107.040065,South Hunt Creek,U,BELLY ACHE,3,Spotted from quarters,58,5803793
383,0.6,,6,40.13384,-107.001991,Watson Creek,U,TANK 2,3,Spotted from quarters,58,5803794
384,0.6,,6,40.158127,-107.068597,Middle Hunt Creek,U,MIDDLE CR,3,Spotted from quarters,58,5803795
385,0.3,,6,40.141146,-107.006686,South Hunt Creek,U,S HUNT 1,3,Spotted from quarters,58,5803796
386,0.6,,6,40.140151,-107.04477,Mill Creek,U,S HUNT 2,3,Spotted from quarters,58,5803797
387,0.6,,6,40.129248,-107.049479,South Hunt Creek,U,S HUNT 3,3,Spotted from quarters,58,5803798
388,0.4,,6,40.125857,-106.820054,Beaver Creek,U,L S BUTTE PD,3,Spotted from quarters,58,5803799
389,0.25,,6,40.349371,-106.930605,Oak Creek,U,HARVEY POND  1,3,Digitized off map,58,5803800
390,0.28,,6,40.362328,-106.909282,Oak Creek,U,HARVEY POND  2,3,Digitized off map,58,5803801
391,0.26,,6,40.351575,-106.924839,Oak Creek,U,HARVEY POND  3,3,Digitized off map,58,5803802
392,,,6,40.367655,-106.904733,Oak Creek,U,HARVEY POND  4,3,Digitized off map,58,5803803
393,0.17,,6,40.36291,-106.908969,Oak Creek,U,HARVEY POND  5,3,Digitized off map,58,5803804
394,0.33,,6,40.347516,-106.901741,Oak Creek,U,HARVEY POND  6,3,Digitized off map,58,5803805
395,0.17,,6,40.347859,-106.899007,Oak Creek,U,HARVEY POND  7,3,Digitized off map,58,5803806
396,0.55,,6,40.349623,-106.912715,Oak Creek,U,HARVEY POND  8,3,Digitized off map,58,5803807
397,0.07,,6,40.346243,-106.906332,Oak Creek,U,HARVEY POND  9,3,Digitized off map,58,5803808
398,0.22,,6,40.34708,-106.919413,Oak Creek,U,HARVEY POND 10,3,Digitized off map,58,5803809
399,1.48,,6,40.340041,-106.920721,Oak Creek,U,HARVEY POND 11,3,Digitized off map,58,5803810
400,2.43,,6,40.406296,-106.923511,Cow Creek,U,G R BRENNEMAN RES,3,Digitized off map,58,5803811
401,0.44,,6,40.316402,-106.878238,Grouse Creek,U,LEE POND 1,3,Spotted from section lines,58,5803812
402,1.48,,6,40.323418,-106.87696,Grouse Creek,U,LEE POND 2,3,GPS,58,5803813
403,0.65,,6,40.316429,-106.877979,Grouse Creek,U,LEE POND 3,3,GPS,58,5803814
404,0.34,,6,40.306954,-106.852758,Dry Creek,U,CULEY POND 1,3,GPS,58,5803815
405,1.33,,6,40.311935,-106.857813,Dry Creek,U,CULEY POND 2,3,GPS,58,5803816
406,0.12,,6,40.336175,-106.912123,Oak Creek,U,HARVEY POND 12,3,Digitized off map,58,5803817
407,0.367,,6,40.515744,-106.857622,Yampa River,U,DUCKLES STORAGE POND 1,3,Digitized off map,58,5803818
408,2.21,,6,40.588215,-107.068522,Wommer Creek,U,WOMMER STOCK POND 1,3,GPS,58,5803819
409,2.72,,6,40.591033,-107.06107,Wommer Creek,A,WOMMER STOCK POND 2,3,GPS,58,5803820
410,2.72,,6,40.591033,-107.06107,Wommer Creek,A,WOMMER STOCK POND 2,3,GPS,58,5803820
411,0.25,,6,40.591355,-107.019356,Salt Creek,U,SARAH STOCK POND,3,Digitized off map,58,5803821
412,0.4,,6,40.129543,-106.815114,Beaver Creek,U,L S BTE PD 2,3,Spotted from quarters,58,5803822
413,0.4,,6,40.125873,-106.810174,Beaver Creek,U,L S BTE PD 3,3,Spotted from quarters,58,5803823
414,0.4,,6,40.092668,-106.824701,Chimney Creek,U,BEMIS DR PD,3,Spotted from quarters,58,5803824
415,23.0,,6,40.398961,-106.890922,Deer Creek,A,UPPER ROBINSON RES,3,GPS,58,5803825
416,44.0,,6,40.199668,-106.772341,Beaver Creek,A,BAR BEE LAKE,3,GPS,58,5803826
417,44.0,,6,40.199668,-106.772341,Beaver Creek,A,BAR BEE LAKE,3,GPS,58,5803826
418,0.4,,6,40.107426,-106.829715,Crowner Creek,U,CROWN CRK PD,3,Spotted from quarters,58,5803827
419,0.4,,6,40.111124,-106.829759,Crowner Creek,U,LONG SPRG PD,3,Spotted from quarters,58,5803828
420,1.0,,6,40.177558,-107.049889,Middle Hunt Creek,U,BELL POND 2,3,Spotted from quarters,58,5803829
421,1.0,,6,40.172565,-107.078573,North Hunt Creek,U,S CHAPMAN,3,Spotted from quarters,58,5803830
422,0.6,,6,40.051866,-107.00666,Bear River,U,SIGN SW,3,Spotted from quarters,58,5803831
423,0.3,,6,40.062712,-106.997275,Bear River,U,S PINE SW,3,Spotted from quarters,58,5803832
424,0.1,,6,40.069988,-107.00194,Bear River,U,TRAPPERS,3,Spotted from quarters,58,5803833
425,1.35,,6,40.466255,-106.820684,Fish Creek,A,ANGLERS RETREAT POND,3,GPS,58,5803834
426,1.5,,6,40.322856,-106.888796,Grouse Creek,U,BENSLER POND,3,User supplied,58,5803835
427,,0.1,6,40.39082,-106.778383,Yampa River,U,MCKIN XR PD,3,Spotted from quarters,58,5803836
428,0.1,,6,40.565586,-106.77576,Spring Creek,U,FIVE PTS PD,3,Spotted from quarters,58,5803837
429,0.1,,6,40.520542,-106.776258,Spring Creek,U,FIVE PT PD 2,3,Spotted from quarters,58,5803838
430,0.1,,6,40.520542,-106.776258,Spring Creek,U,FIVE PT PD 3,3,Spotted from quarters,58,5803840
431,0.1,,6,40.362114,-106.778646,Harrison Creek,U,RAB EAR PD,3,Spotted from quarters,58,5803841
432,1.0,,6,40.624085,-106.852067,Corral Creek,U,S END PL2,3,Spotted from quarters,58,5803842
433,0.3,,6,40.290283,-106.79595,Sarvis Creek,U,SERV CR PD 3,3,Spotted from quarters,58,5803843
434,0.1,,6,40.275499,-106.795706,Sarvis Creek,U,SERV CR PD 5,3,Spotted from quarters,58,5803844
435,0.1,,6,40.275706,-106.777624,Sarvis Creek,U,SERV CR PD 6,3,Spotted from quarters,58,5803845
436,0.1,,6,40.290139,-106.777862,Sarvis Creek,U,SERV CR PD,3,Spotted from quarters,58,5803846
437,0.1,,6,40.290139,-106.777862,Sarvis Creek,U,SERV CR PD 2,3,Spotted from quarters,58,5803847
438,0.4,,6,40.172185,-106.740438,Yampa River,U,W MORSN CR,3,Spotted from quarters,58,5803848
439,0.0,0.0,6,40.299957,-106.804104,Yampa River,A,WOODCHUCK RES,3,GPS,58,5803849
440,4.0,,6,40.010394,-107.142734,Yampa River,U,STEER LAKE,3,Spotted from quarters,58,5803850
441,0.3,,6,40.142932,-107.008646,Yampa River,U,TANK 1,3,Spotted from quarters,58,5803851
442,0.3,,6,40.246418,-107.222436,Yampa River,U,EAST FORK 1,3,Spotted from quarters,58,5803852
443,0.3,,6,40.246418,-107.222436,Yampa River,U,EAST FORK 2,3,Spotted from quarters,58,5803853
444,0.4,,6,40.202936,-107.067082,Yampa River,U,PINE 1,3,Spotted from quarters,58,5803854
445,0.3,,6,40.217918,-107.047511,Yampa River,U,PINE 3,3,Spotted from quarters,58,5803855
446,60.0,,6,40.147291,-107.096837,Middle Hunt Creek,A,KILLARNEY,3,GPS,58,5803856
447,42.0,,6,40.411206,-106.812588,Yampa River,A,BEAU LAKE,3,Digitized off map,58,5803857
448,42.0,,6,40.411206,-106.812588,Yampa River,A,BEAU LAKE,3,Digitized off map,58,5803857
449,4.0,,6,40.412141,-106.814451,Yampa River,A,BEHAN POND,3,Digitized off map,58,5803858
450,4.0,,6,40.412141,-106.814451,Yampa River,A,BEHAN POND,3,Digitized off map,58,5803858
451,50.0,,6,40.411191,-106.818715,Yampa River,A,CODY LAKE,3,Digitized off map,58,5803859
452,50.0,,6,40.411191,-106.818715,Yampa River,A,CODY LAKE,3,Digitized off map,58,5803859
453,40.0,,6,40.424611,-106.803942,Priest Creek,A,STEAMBOAT ALPINE POND NO. 1,3,GPS,58,5803860
454,9.0,,6,40.420328,-106.817961,Yampa River,A,ALPEN GLOW POND NO 2,3,Spotted from section lines,58,5803861
455,10.0,,6,40.422804,-106.822902,Yampa River,A,ALPEN GLOW POND NO 1,3,Spotted from section lines,58,5803862
456,,,6,40.799887,-106.890226,Spring Creek,A,TIMMERMAN POND,3,GPS,58,5803863
457,0.0,,6,40.623764,-106.98963,Deep Creek,N,ST FRANCIS POND,3,Spotted from section lines,58,5803864
458,0.0,,6,40.616656,-106.990697,Deep Creek,N,ST BENEDICT POND,3,Spotted from section lines,58,5803865
459,,,6,40.728775,-106.872759,Reed Creek,A,ROULETTE POND,3,GPS,58,5803866
460,0.78,,6,40.816786,-106.969872,Willow Creek,U,SNOWY MTN RANCH POND A,3,GPS,58,5803867
461,0.78,,6,40.816786,-106.969872,Willow Creek,U,SNOWY MTN RANCH POND A,3,GPS,58,5803867
462,0.0,,6,40.67616,-107.040135,Cantrell Creek,N,CANTRELL CREEK RESERVOIR,3,Spotted from section lines,58,5803868
463,3.03,,6,40.745578,-106.844603,Yampa River,A,WESTLAND POND NO. 1,3,GPS,58,5803869
464,5.0,0.5,6,40.743788,-106.840503,Yampa River,A,WESTLAND POND NO. 2,3,GPS,58,5803870
465,0.0,,6,40.32894,-106.959289,Oak Creek,N,MANKE'S POND,3,Spotted from section lines,58,5803871
466,11.0,,6,40.481302,-106.78991,Little Fish Creek,A,EM POND NO. 1,3,Digitized off map,58,5803872
467,11.0,,6,40.481302,-106.78991,Little Fish Creek,A,EM POND NO. 1,3,Digitized off map,58,5803872
468,3.9,,6,40.481012,-106.790634,Little Fish Creek,A,EM POND NO. 2,3,GPS,58,5803873
469,3.9,,6,40.481012,-106.790634,Little Fish Creek,A,EM POND NO. 2,3,GPS,58,5803873
470,1.1,,6,40.482185,-106.789355,Little Fish Creek,A,EM POND NO. 3,3,GPS,58,5803874
471,1.1,,6,40.482185,-106.789355,Little Fish Creek,A,EM POND NO. 3,3,GPS,58,5803874
472,1.1,,6,40.482185,-106.789355,Little Fish Creek,A,EM POND NO. 3,3,GPS,58,5803874
473,0.1,,6,40.482957,-106.788349,Little Fish Creek,A,EM POND NO. 4,3,GPS,58,5803875
474,0.1,,6,40.482957,-106.788349,Little Fish Creek,A,EM POND NO. 4,3,GPS,58,5803875
475,0.4,,6,40.482389,-106.787214,Little Fish Creek,A,EM POND NO. 5,3,GPS,58,5803876
476,0.4,,6,40.482389,-106.787214,Little Fish Creek,A,EM POND NO. 5,3,GPS,58,5803876
477,5.1,,6,40.479483,-106.796303,Little Fish Creek,A,EM POND NO. 6,3,GPS,58,5803877
478,5.1,,6,40.479483,-106.796303,Little Fish Creek,A,EM POND NO. 6,3,GPS,58,5803877
479,0.0,,6,40.518845,-106.930597,Yampa River,A,MARABOU RANCH AUG POND NO 1,3,GPS,58,5803878
480,0.0,,6,40.518845,-106.930597,Yampa River,A,MARABOU RANCH AUG POND NO 1,3,GPS,58,5803878
481,0.0,,6,40.524067,-106.9275,Yampa River,A,MARABOU RANCH AUG POND NO 2,3,GPS,58,5803879
482,0.0,,6,40.524067,-106.9275,Yampa River,A,MARABOU RANCH AUG POND NO 2,3,GPS,58,5803879
483,,,6,40.517731,-106.819359,Soda Creek,N,CAROLLO POND NO. 2,3,Spotted from section lines,58,5803880
484,0.88,,6,40.816437,-106.969198,Willow Creek,U,SNOWY MTN RANCH POND B,3,GPS,58,5803881
485,0.88,,6,40.816437,-106.969198,Willow Creek,U,SNOWY MTN RANCH POND B,3,GPS,58,5803881
486,0.0,,6,40.814814,-106.963992,Willow Creek,N,SNOWY MTN RANCH POND C,3,GPS,58,5803882
487,0.0,,6,40.814814,-106.963992,Willow Creek,N,SNOWY MTN RANCH POND C,3,GPS,58,5803882
488,10.0,,6,40.404789,-106.832778,Yampa River,U,SOUTH FIELD RESERVOIR,3,Decreed,58,5803884
489,0.1,,6,40.323844,-106.887317,Grouse Creek,U,HEYBORN RESERVOIR,3,Spotted from section lines,58,5803885
490,3.2,,6,40.357494,-106.84862,Grouse Creek,U,BUNN FOX POND,3,Spotted from section lines,58,5803886
491,,,6,40.516136,-106.819999,Soda Creek,N,CAROLLO POND NO. 1,3,Spotted from section lines,58,5803887
492,0.15,,6,40.675767,-106.992004,Yampa River,U,ELLSWORTH POND NO. 1,3,GPS,58,5803888
493,0.1,,6,40.676665,-107.04112,Cantrell Creek,U,DINGO POND,3,GPS,58,5803889
494,0.08,,6,40.674322,-107.042728,Cantrell Creek,U,BEAR RIDGE POND NO. 1,3,GPS,58,5803890
495,0.08,,6,40.674148,-107.042333,Cantrell Creek,U,BEAR RIDGE POND NO. 2,3,GPS,58,5803891
496,0.3,,6,40.67279,-107.037121,Cantrell Creek,U,DALTON POND,3,GPS,58,5803892
497,0.3,,6,40.669706,-107.036814,Cantrell Creek,U,MEADOW POND NO. 2,3,GPS,58,5803893
498,0.04,,6,40.669711,-107.038068,Cantrell Creek,U,MEADOW POND NO. 3,3,GPS,58,5803894
499,0.5,,6,40.669406,-107.039017,Cantrell Creek,U,MEADOW POND NO. 4,3,GPS,58,5803895
500,3.6,,6,40.158897,-106.994189,South Hunt Creek,A,WEINSTEIN RESERVOIR,3,GPS,58,5803896
501,0.0,,6,40.541705,-106.903032,Elk River,U,ASPARAGUS POND,3,Spotted from section lines,58,5803897
502,0.0,,6,40.541705,-106.903032,Elk River,U,ASPARAGUS POND,3,Spotted from section lines,58,5803897
503,0.0,,6,40.495348,-106.810021,Spring Creek,U,ELKSTONE POND,3,Spotted from section lines,58,5803898
504,0.1,,6,40.519073,-106.853972,Woodchuck Creek,U,WILSON LOWER POND,3,Spotted from section lines,58,5803899
505,,,6,40.520645,-106.853129,Woodchuck Creek,U,WILSON UPPER POND,3,Spotted from section lines,58,5803900
506,7.23,,6,40.574303,-106.926012,Elk River,A,D & S POND NO. 1,3,GPS,58,5803901
507,0.0,,6,40.574345,-106.925132,Dry Gulch,N,D & S POND NO. 2,3,Spotted from section lines,58,5803902
508,0.0,,6,40.581161,-106.926917,Dry Gulch,A,D & S POND NO. 3,3,GPS,58,5803903
509,0.0,0.0,6,40.491779,-106.970374,Elk River,A,EAGLE POND,3,GPS,58,5803904
510,3.5,,6,40.763564,-106.982208,Red Creek,U,MARTIN POND,3,GPS,58,5803905
511,0.0,,6,40.568006,-106.890336,Elk River,N,HOUSE POND,3,Spotted from section lines,58,5803906
512,0.0,,6,40.56902,-106.890566,Elk River,N,MEADOW POND,3,Spotted from section lines,58,5803907
513,0.15,,6,40.76535,-106.981005,Red Creek,U,MARTIN STOCKWATER POND #1,3,GPS,58,5803909
514,0.0,,6,40.150554,-106.719043,North Fork Morrison Cree,A,SOSEBEE RESERVOIR,3,GPS,58,5803910
515,,1.0,6,40.269705,-106.967758,Oak Creek,U,GYPSUM SPRING POND #1,3,GPS,58,5803911
516,0.0,,6,40.269488,-106.965647,Oak Creek,N,GYPSUM SPRING POND #2,3,GPS,58,5803912
517,0.0,0.0,6,40.248164,-106.787152,Morrison Creek,A,MORRISON CREEK RESERVOIR,3,Spotted from section lines,58,5803913
518,0.0,,6,40.66439,-107.032264,Smith Creek,N,HARVEY POOLE SMITH CREEK POND,3,User supplied,58,5803914
519,0.0,,6,40.66439,-107.032264,Smith Creek,N,HARVEY POOLE SMITH CREEK POND,3,User supplied,58,5803914
520,2.0,,6,40.183868,-107.031566,North Hunt Creek,A,SON HI LAKE,3,GPS,58,5803915
521,3.2,,6,40.186627,-107.03758,North Hunt Creek,A,SONHEIM LAKE,3,GPS,58,5803916
522,0.0,,6,40.652193,-107.017438,Smith Creek,N,STUDER POND,3,Spotted from section lines,58,5803917
523,0.4,,6,40.651441,-107.014576,Smith Creek,U,SOUTH POND,3,Spotted from section lines,58,5803918
524,0.6,,6,40.65252,-107.01573,Smith Creek,U,NORTH POND,3,Spotted from section lines,58,5803919
525,2.0,,6,40.570472,-107.005568,Roe Branch,U,MYSTIC GROUSE POND,3,GPS,58,5803921
526,1.2,,6,40.571226,-107.003087,Roe Branch,U,MYSTIC CLOVER POND,3,GPS,58,5803922
527,0.09,,6,40.569627,-106.995585,Trull Creek,U,SPRING CREEK POND NO. 1,3,GPS,58,5803923
528,0.06,,6,40.56944,-106.99389,Trull Creek,U,SPRING CREEK POND NO. 2,3,GPS,58,5803924
529,0.0,,6,40.569761,-107.000586,Roe Branch,N,ROE CREEK POND NO. 1,3,Spotted from section lines,58,5803925
530,0.0,,6,40.568476,-106.99935,Roe Branch,N,ROE CREEK POND NO. 2,3,Spotted from section lines,58,5803926
531,0.0,,6,40.567006,-106.99844,Roe Branch,N,ROE CREEK POND NO.3,3,Spotted from section lines,58,5803927
532,0.0,,6,40.568128,-106.995519,Roe Branch,N,MYSTIC SPRING CREEK POND,3,Spotted from section lines,58,5803928
533,0.0,,6,40.511282,-106.832465,Soda Creek,N,REDEMPTION POND NO. 1,3,Digitized off map,58,5803929
534,0.0,,6,40.510426,-106.832477,Soda Creek,N,REDEMPTION POND NO. 2,3,Digitized off map,58,5803930
535,0.0,,6,40.511375,-106.833388,Soda Creek,N,REDEMPTION POND NO. 3,3,GPS,58,5803931
536,2.1,,6,40.745214,-106.847128,Yampa River,A,MOLLIE POND,3,GPS,58,5803932
537,0.27,1.0,6,40.61492,-106.944306,Elk River,A,ELK RIVER RANCH POND NO. 1,3,GPS,58,5803933
538,0.29,1.0,6,40.615456,-106.944062,Elk River,A,ELK RIVER RANCH POND NO. 2,3,GPS,58,5803934
539,0.27,1.0,6,40.615552,-106.943722,Elk River,A,ELK RIVER RANCH POND NO. 3,3,GPS,58,5803935
540,5.42,,6,40.404558,-106.929966,Cow Creek,U,PITTMAN POND,3,Digitized off map,58,5803936
541,0.59,,6,40.382558,-106.898533,Willey Creek,U,DEER PARK POND 2,3,Digitized off map,58,5803937
542,0.17,1.0,6,40.61571,-106.943395,Elk River,A,ELK RIVER RANCH POND NO. 4,3,GPS,58,5803938
543,54.0,,6,40.676596,-106.928859,Franz Creek,A,ROUND MOUNTAIN RANCH LAKE,3,GPS,58,5803939
544,54.0,,6,40.676596,-106.928859,Franz Creek,A,ROUND MOUNTAIN RANCH LAKE,3,GPS,58,5803939
545,8.21,,6,40.070217,-106.8293,Chimney Creek,A,REED RESERVOIR,3,GPS,58,5803940
546,7.33,,6,40.101628,-106.837461,Crowner Creek,A,ANDERSON RESERVOIR,3,GPS,58,5803941
547,0.0,,6,40.600089,-107.070425,Turner Creek,N,RLW TURNER CREEK RESERVOIR NO. 1,3,GPS,58,5803942
548,8.32,,6,40.484342,-106.97963,Yampa River,A,GOOF UP PONDS,3,GPS,58,5803943
549,0.0,,6,40.591381,-107.080803,Chimney Creek,N,RLW TURNER MEADOW DITCH RESERVOIR,3,GPS,58,5803944
550,0.67,,6,40.588481,-107.069251,Chimney Creek,A,RLW POND 12,3,GPS,58,5803945
551,0.051,,6,40.588068,-107.074721,Chimney Creek,A,RLW POND 13,3,GPS,58,5803946
552,6.7,,6,40.587421,-107.057509,Chimney Creek,A,RLW POND 15,3,GPS,58,5803947
553,1.26,,6,40.585868,-107.058194,Chimney Creek,A,RLW POND 16,3,GPS,58,5803948
554,1.74,,6,40.4636,-106.796965,Burgess Creek,A,STORM MOUNTAIN RES,3,Digitized off map,58,5803949
555,4.51,,6,40.587788,-107.049037,Salt Creek,A,RLW POND 17,3,GPS,58,5803950
556,0.1,,6,40.581051,-107.068656,Chimney Creek,A,RLW POND 21,3,GPS,58,5803951
557,0.002,,6,40.575176,-107.074795,Chimney Creek,A,RLW POND 28,3,GPS,58,5803952
558,6.13,,6,40.568577,-107.077592,Chimney Creek,A,RLW POND 36,3,GPS,58,5803953
559,0.07,,6,40.597468,-107.076938,Turner Creek,A,RLW POND 153,3,GPS,58,5803954
560,0.98,,6,40.592285,-107.074651,Chimney Creek,A,RLW POND 160,3,GPS,58,5803955
561,2.22,,6,40.594253,-107.064844,Chimney Creek,A,RLW POND 161,3,GPS,58,5803956
562,7.71,,6,40.589407,-107.064825,Chimney Creek,A,RLW POND 162,3,GPS,58,5803957
563,3.0,,6,40.525508,-106.946878,Elk River,A,STRAWBERRY PARK FARM POND,3,GPS,58,5803958
564,0.0,,6,40.468826,-106.80608,Fish Creek,A,ROLLINGSTONE RANCH GOLF COURSE POND,3,Digitized off map,58,5803959
565,,,6,40.529976,-106.859405,Yampa River,N,RJB RESERVOIR,3,Spotted from section lines,58,5803960
566,0.0,,6,40.238085,-106.806497,Little Morrison Creek,U,GARITE POND,3,Spotted from section lines,58,5803961
567,0.74,,6,40.427722,-106.857767,Rocky Creek,U,KNORR POND 1,3,Digitized off map,58,5803963
568,0.21,,6,40.427825,-106.849105,Rocky Creek,U,STEAMBOAT PINES POND 2,3,Digitized off map,58,5803964
569,0.0,0.0,6,40.629726,-107.066536,Miller Creek,N,MHR AUGMENTATION POND,3,Spotted from section lines,58,5803965
570,0.07,,6,40.676538,-106.992216,Yampa River,U,ELLSWORTH POND NO. 2,3,GPS,58,5803967
571,0.52,,6,40.675948,-106.991441,Yampa River,U,ELLSWORTH POND NO. 3,3,GPS,58,5803968
572,0.18,,6,40.67152,-106.984377,Yampa River,A,ELLSWORTH POND NO. 4,3,GPS,58,5803969
573,10.0,,6,40.671954,-106.982177,Yampa River,A,ELLSWORTH POND NO. 5,3,GPS,58,5803970
574,0.0,,6,40.625922,-107.016106,Chimney Creek,N,HARVEY CHIMNEY CREEK POND,3,Decreed,58,5803971
575,0.06,,6,40.672596,-107.019829,Smith Creek,A,TWISTED TREE POND NO. 1,3,Spotted from section lines,58,5803973
576,0.53,,6,40.670429,-107.015694,Smith Creek,A,ASPEN GROVE POND,3,Spotted from section lines,58,5803974
577,0.3,,6,40.670288,-107.011642,Smith Creek,A,COW CAMP POND NO. 1,3,Spotted from section lines,58,5803975
578,0.75,,6,40.661079,-107.010307,Smith Creek,A,COW CAMP POND NO. 2,3,Spotted from section lines,58,5803976
579,0.04,,6,40.662029,-107.010666,Smith Creek,A,LAST WATERING HOLE NO. 1 (UPPER),3,Spotted from section lines,58,5803977
580,0.01,,6,40.661896,-107.00795,Smith Creek,A,LAST WATERING HOLE NO. 2 (LOWER),3,Spotted from section lines,58,5803978
581,0.07,,6,40.666866,-107.012367,Smith Creek,A,CATTAIL POND,3,Spotted from section lines,58,5803979
582,0.0,0.0,6,40.62788,-107.066948,Miller Creek,N,MHR POND,3,Spotted from section lines,58,5803980
583,1.63,,6,40.672039,-106.93152,Franz Creek,A,ROUND MOUNTAIN RANCH POND NO. 1,3,GPS,58,5803981
584,0.05,,6,40.814378,-106.988391,Dutch Creek,A,ALISONS POND,3,Decreed,58,5803982
585,1.1,,6,40.480773,-106.93991,Yampa River,A,REUST POND NO. 1,3,Decreed,58,5803983
586,0.25,,6,40.153851,-106.99662,Hunt Creek,A,FISHER POND 1,3,Spotted from section lines,58,5803984
587,0.02,,6,40.15197,-106.995392,Hunt Creek,A,FISHER POND 2,3,Spotted from section lines,58,5803985
588,0.11,,6,40.173191,-106.972488,Hunt Creek,U,HINMAN POND 3,3,Spotted from section lines,58,5803986
589,0.2,,6,40.169502,-106.979607,Hunt Creek,A,HINMAN POND 4,3,Spotted from section lines,58,5803987
590,9.0,,6,40.548508,-106.886833,Yampa River,A,HERON POND,3,Spotted from section lines,58,5803988
591,9.0,,6,40.549175,-106.887688,Yampa River,A,WOOD DUCK POND,3,Spotted from section lines,58,5803989
592,0.0,,6,40.549877,-106.89389,Yampa River,A,SAND HILL CRANE POND,3,Spotted from section lines,58,5803990
593,0.0,,6,40.396412,-106.895676,Hilton Gulch,N,GOLD FISH POND,3,Spotted from section lines,58,5803991
594,0.0,,6,40.395351,-106.896156,Hilton Gulch,N,ENDEAVER,3,Spotted from section lines,58,5803992
595,2.5,,6,40.608438,-106.941424,Elk River,A,SHELLSTEVE POND #1,3,GPS,58,5803993
596,1.25,,6,40.607948,-106.943253,Elk River,A,SHELLSTEVE POND #2,3,GPS,58,5803994
597,0.0,,6,,,Elk River,N,SHELLSTEVE POND #3,3,Spotted from section lines,58,5803995
598,0.0,,6,,,Elk River,N,SHELLSTEVE POND #4,3,Spotted from section lines,58,5803996
599,0.2,,6,40.559481,-106.850185,Hot Spring Creek,A,STRAWBERRY COLD POND,3,GPS,58,5803997
600,10.0,,6,40.652357,-107.025524,Smith Creek,A,WISHBONE POND,3,GPS,58,5803998
601,15.38,,6,40.667554,-107.000691,Long Gulch,U,MOONHILL RESERVOIR,3,Digitized off map,58,5803999
602,0.25,,6,40.120621,-106.896001,Phillips Creek,A,ZIMMERMAN POND,3,GPS,58,5804000
603,1.35,,6,40.608113,-106.92099,Goose Creek,N,JACOBSEN POND 1,3,GPS,58,5804001
604,0.0,,6,40.611235,-106.918503,Goose Creek,N,JACOBSEN POND 2,3,GPS,58,5804002
605,,,6,40.044147,-107.072562,Bear River,N,STILLWATER RES 3,3,Digitized off map,58,5804105
606,18840.1,0.0,6,40.285189,-106.831825,Yampa River,A,STAGECOACH RESERVOIR,3,GPS,58,5804213
607,18840.1,0.0,6,40.285189,-106.831825,Yampa River,A,STAGECOACH RESERVOIR,3,GPS,58,5804213
608,18840.1,0.0,6,40.285189,-106.831825,Yampa River,A,STAGECOACH RESERVOIR,3,GPS,58,5804213
609,18840.1,0.0,6,40.285189,-106.831825,Yampa River,A,STAGECOACH RESERVOIR,3,GPS,58,5804213
610,18840.1,0.0,6,40.285189,-106.831825,Yampa River,A,STAGECOACH RESERVOIR,3,GPS,58,5804213
611,18840.1,0.0,6,40.285189,-106.831825,Yampa River,A,STAGECOACH RESERVOIR,3,GPS,58,5804213
612,18840.1,0.0,6,40.285189,-106.831825,Yampa River,A,STAGECOACH RESERVOIR,3,GPS,58,5804213
613,18840.1,0.0,6,40.285189,-106.831825,Yampa River,A,STAGECOACH RESERVOIR,3,GPS,58,5804213
614,18840.1,0.0,6,40.285189,-106.831825,Yampa River,A,STAGECOACH RESERVOIR,3,GPS,58,5804213
615,18840.1,0.0,6,40.285189,-106.831825,Yampa River,A,STAGECOACH RESERVOIR,3,GPS,58,5804213
616,18840.1,0.0,6,40.285189,-106.831825,Yampa River,A,STAGECOACH RESERVOIR,3,GPS,58,5804213
617,18840.1,0.0,6,40.285189,-106.831825,Yampa River,A,STAGECOACH RESERVOIR,3,GPS,58,5804213
618,18840.1,0.0,6,40.285189,-106.831825,Yampa River,A,STAGECOACH RESERVOIR,3,GPS,58,5804213
619,18840.1,0.0,6,40.285189,-106.831825,Yampa River,A,STAGECOACH RESERVOIR,3,GPS,58,5804213
620,18840.1,0.0,6,40.285189,-106.831825,Yampa River,A,STAGECOACH RESERVOIR,3,GPS,58,5804213
621,18840.1,0.0,6,40.285189,-106.831825,Yampa River,A,STAGECOACH RESERVOIR,3,GPS,58,5804213
622,18840.1,0.0,6,40.285189,-106.831825,Yampa River,A,STAGECOACH RESERVOIR,3,GPS,58,5804213
623,18840.1,0.0,6,40.285189,-106.831825,Yampa River,A,STAGECOACH RESERVOIR,3,GPS,58,5804213
624,18840.1,0.0,6,40.285189,-106.831825,Yampa River,A,STAGECOACH RESERVOIR,3,GPS,58,5804213
625,18840.1,0.0,6,40.285189,-106.831825,Yampa River,A,STAGECOACH RESERVOIR,3,GPS,58,5804213
626,18840.1,0.0,6,40.285189,-106.831825,Yampa River,A,STAGECOACH RESERVOIR,3,GPS,58,5804213
627,18840.1,0.0,6,40.285189,-106.831825,Yampa River,A,STAGECOACH RESERVOIR,3,GPS,58,5804213
628,18840.1,0.0,6,40.285189,-106.831825,Yampa River,A,STAGECOACH RESERVOIR,3,GPS,58,5804213
629,18840.1,0.0,6,40.285189,-106.831825,Yampa River,A,STAGECOACH RESERVOIR,3,GPS,58,5804213
630,18840.1,0.0,6,40.285189,-106.831825,Yampa River,A,STAGECOACH RESERVOIR,3,GPS,58,5804213
631,18840.1,0.0,6,40.285189,-106.831825,Yampa River,A,STAGECOACH RESERVOIR,3,GPS,58,5804213
632,18840.1,0.0,6,40.285189,-106.831825,Yampa River,A,STAGECOACH RESERVOIR,3,GPS,58,5804213
633,18840.1,0.0,6,40.285189,-106.831825,Yampa River,A,STAGECOACH RESERVOIR,3,GPS,58,5804213
634,18840.1,0.0,6,40.285189,-106.831825,Yampa River,A,STAGECOACH RESERVOIR,3,GPS,58,5804213
635,18840.1,0.0,6,40.285189,-106.831825,Yampa River,A,STAGECOACH RESERVOIR,3,GPS,58,5804213
636,,,6,40.300206,-106.804357,Yampa River,N,BLACKTAIL RESERVOIR,3,Digitized off map,58,5804214
637,,,6,40.11619,-107.026206,Watson Creek,N,BULL PARK RES 1,3,Digitized off map,58,5804215
638,,,6,40.500694,-106.753725,North Fork Fish Creek,H,EL RITO RES 1,3,Digitized off map,58,5804216
639,,,6,40.500694,-106.753725,North Fork Fish Creek,H,EL RITO RES 1,3,Digitized off map,58,5804216
640,,,6,40.490336,-106.774835,Little Fish Creek,N,EL RITO RES 2,3,Digitized off map,58,5804217
641,,,6,40.490336,-106.774835,Little Fish Creek,N,EL RITO RES 2,3,Digitized off map,58,5804217
642,,,6,40.533446,-106.993247,Farnsworth Creek,N,FARROW RESERVOIR,3,Digitized off map,58,5804218
643,,,6,40.316139,-106.758907,Green Creek,N,GREEN RES,3,Digitized off map,58,5804219
644,,0.0,6,40.76394,-106.908067,Willow Creek,N,GROUSE MTN RES,3,Digitized off map,58,5804220
645,,,6,40.346833,-106.746953,Harrison Creek,N,HARRISON RES,3,Digitized off map,58,5804221
646,0.0,,6,40.744584,-106.852701,Elk River,N,HINMAN PARK RESERVOIR,3,Digitized off map,58,5804222
647,,,6,40.31682,-106.768011,Green Creek,N,LOWER GREEN CR RES,3,Digitized off map,58,5804223
648,,,6,40.313797,-106.729049,Green Creek,N,MAIN GREEN CK RES,3,Digitized off map,58,5804224
649,,,6,40.649321,-107.014728,Smith Creek,N,PEAVY RES,3,Digitized off map,58,5804225
650,,,6,40.462282,-106.734645,South Fork Fish Creek,N,PHASE 3 RESERVOIR,3,Digitized off map,58,5804226
651,,,6,40.462282,-106.734645,South Fork Fish Creek,N,PHASE 3 RESERVOIR,3,Digitized off map,58,5804226
652,,,6,40.462282,-106.734645,South Fork Fish Creek,N,PHASE 3 RESERVOIR,3,Digitized off map,58,5804226
653,,,6,40.649328,-107.08984,Renfro Creek,N,PILOT KNOB RES,3,Digitized off map,58,5804227
654,0.0,,6,40.772469,-106.971799,Red Creek,N,RED CREEK RES,3,Spotted from section lines,58,5804229
655,,,6,40.293604,-106.684169,Sarvis Creek,N,SERVICE CR RESERVOIR,3,Digitized off map,58,5804230
656,,,6,40.641755,-107.019578,Smith Creek,N,SMITH CREEK RESERVOIR A,3,Spotted from section lines,58,5804231
657,,,6,40.649894,-107.020087,Smith Creek,N,SMITH CREEK RESERVOIR B,3,Spotted from section lines,58,5804232
658,18.0,,6,40.789618,-106.906646,Beaver Creek,U,STEAMBOAT L GOLF C P 1,3,GPS,58,5804233
659,,,6,40.79683,-106.914438,Beaver Creek,N,STEAMBOAT L GOLF C P 2,3,Digitized off map,58,5804234
660,,,6,40.332169,-106.686755,Harrison Creek,N,UPPER HARRISON RES,3,Spotted from quarters,58,5804235
661,,,6,40.59097,-107.052962,Deep Creek,N,WAGNER RES,3,Digitized off map,58,5804236
662,,,6,40.116239,-107.004746,Watson Creek,N,WARM GULCH RES,3,Digitized off map,58,5804237
663,,,6,40.471659,-106.716567,Fish Creek,N,WREN RESERVOIR,3,Digitized off map,58,5804238
664,,,6,40.47772,-106.729368,Fish Creek,N,WREN RES 2,3,Digitized off map,58,5804239
665,8970.9,,6,40.052799,-107.04755,Bear River,A,YAMCOLO RES,3,GPS,58,5804240
666,8970.9,,6,40.052799,-107.04755,Bear River,A,YAMCOLO RES,3,GPS,58,5804240
667,8970.9,,6,40.052799,-107.04755,Bear River,A,YAMCOLO RES,3,GPS,58,5804240
668,8970.9,,6,40.052799,-107.04755,Bear River,A,YAMCOLO RES,3,GPS,58,5804240
669,8970.9,,6,40.052799,-107.04755,Bear River,A,YAMCOLO RES,3,GPS,58,5804240
670,8970.9,,6,40.052799,-107.04755,Bear River,A,YAMCOLO RES,3,GPS,58,5804240
671,8970.9,,6,40.052799,-107.04755,Bear River,A,YAMCOLO RES,3,GPS,58,5804240
672,8970.9,,6,40.052799,-107.04755,Bear River,A,YAMCOLO RES,3,GPS,58,5804240
673,8970.9,,6,40.052799,-107.04755,Bear River,A,YAMCOLO RES,3,GPS,58,5804240
674,8970.9,,6,40.052799,-107.04755,Bear River,A,YAMCOLO RES,3,GPS,58,5804240
675,8970.9,,6,40.052799,-107.04755,Bear River,A,YAMCOLO RES,3,GPS,58,5804240
676,8970.9,,6,40.052799,-107.04755,Bear River,A,YAMCOLO RES,3,GPS,58,5804240
677,8970.9,,6,40.052799,-107.04755,Bear River,A,YAMCOLO RES,3,GPS,58,5804240
678,8970.9,,6,40.052799,-107.04755,Bear River,A,YAMCOLO RES,3,GPS,58,5804240
679,8970.9,,6,40.052799,-107.04755,Bear River,A,YAMCOLO RES,3,GPS,58,5804240
680,8970.9,,6,40.052799,-107.04755,Bear River,A,YAMCOLO RES,3,GPS,58,5804240
681,8970.9,,6,40.052799,-107.04755,Bear River,A,YAMCOLO RES,3,GPS,58,5804240
682,8970.9,,6,40.052799,-107.04755,Bear River,A,YAMCOLO RES,3,GPS,58,5804240
683,8970.9,,6,40.052799,-107.04755,Bear River,A,YAMCOLO RES,3,GPS,58,5804240
684,8970.9,,6,40.052799,-107.04755,Bear River,A,YAMCOLO RES,3,GPS,58,5804240
685,8970.9,,6,40.052799,-107.04755,Bear River,A,YAMCOLO RES,3,GPS,58,5804240
686,8970.9,,6,40.052799,-107.04755,Bear River,A,YAMCOLO RES,3,GPS,58,5804240
687,8970.9,,6,40.052799,-107.04755,Bear River,A,YAMCOLO RES,3,GPS,58,5804240
688,8970.9,,6,40.052799,-107.04755,Bear River,A,YAMCOLO RES,3,GPS,58,5804240
689,8970.9,,6,40.052799,-107.04755,Bear River,A,YAMCOLO RES,3,GPS,58,5804240
690,8970.9,,6,40.052799,-107.04755,Bear River,A,YAMCOLO RES,3,GPS,58,5804240
691,8970.9,,6,40.052799,-107.04755,Bear River,A,YAMCOLO RES,3,GPS,58,5804240
692,8970.9,,6,40.052799,-107.04755,Bear River,A,YAMCOLO RES,3,GPS,58,5804240
693,8970.9,,6,40.052799,-107.04755,Bear River,A,YAMCOLO RES,3,GPS,58,5804240
694,8970.9,,6,40.052799,-107.04755,Bear River,A,YAMCOLO RES,3,GPS,58,5804240
695,8970.9,,6,40.052799,-107.04755,Bear River,A,YAMCOLO RES,3,GPS,58,5804240
696,8970.9,,6,40.052799,-107.04755,Bear River,A,YAMCOLO RES,3,GPS,58,5804240
697,8970.9,,6,40.052799,-107.04755,Bear River,A,YAMCOLO RES,3,GPS,58,5804240
698,8970.9,,6,40.052799,-107.04755,Bear River,A,YAMCOLO RES,3,GPS,58,5804240
699,8970.9,,6,40.052799,-107.04755,Bear River,A,YAMCOLO RES,3,GPS,58,5804240
700,8970.9,,6,40.052799,-107.04755,Bear River,A,YAMCOLO RES,3,GPS,58,5804240
701,8970.9,,6,40.052799,-107.04755,Bear River,A,YAMCOLO RES,3,GPS,58,5804240
702,,,6,40.285189,-106.831825,Yampa River,N,YAMPA RESERVOIR,3,Digitized off map,58,5804241
703,2.0,,6,40.135369,-106.708414,Morrison Creek,A,MALLARD RES,3,Digitized off map,58,5804341
704,0.25,,6,40.522962,-106.998635,Farnsworth Creek,U,RAWLINS POND 2,3,Spotted from section lines,58,5804346
705,0.6,,6,40.240651,-106.943309,Little White Snake Creek,U,CRAIG RES 1,3,Spotted from section lines,58,5804354
706,4.0,,6,40.240175,-106.945355,Little White Snake Creek,A,CRAIG RES 2,3,GPS,58,5804355
707,130.5,,6,40.512277,-106.698989,North Fork Fish Creek,U,DINOSAUR LAKE MLL,3,GPS,58,5804356
708,3.0,,6,40.400432,-106.865817,Oak Creek,U,EMERALD MEADOWS POND 1,3,Spotted from section lines,58,5804357
709,3.0,,6,40.400269,-106.866393,Oak Creek,U,EMERALD MEADOWS POND 2,3,Spotted from section lines,58,5804358
710,444.0,,6,40.628948,-106.769408,Middle Fork Mad Creek,U,FISH HAWK LAKE MLL,3,Digitized off map,58,5804359
711,506.0,,6,40.803769,-106.673933,Gilpin Creek,U,GILPIN LAKE MLL,3,Digitized off map,58,5804360
712,8.0,,6,40.335101,-106.897478,Grouse Creek,A,GROUSE CREEK RES,3,Spotted from section lines,58,5804361
713,8.0,,6,40.335101,-106.897478,Grouse Creek,A,GROUSE CREEK RES,3,Spotted from section lines,58,5804361
714,8.0,,6,40.335101,-106.897478,Grouse Creek,A,GROUSE CREEK RES,3,Spotted from section lines,58,5804361
715,8.0,,6,40.335101,-106.897478,Grouse Creek,A,GROUSE CREEK RES,3,Spotted from section lines,58,5804361
716,8.0,,6,40.335101,-106.897478,Grouse Creek,A,GROUSE CREEK RES,3,Spotted from section lines,58,5804361
717,8.0,,6,40.335101,-106.897478,Grouse Creek,A,GROUSE CREEK RES,3,Spotted from section lines,58,5804361
718,8.0,,6,40.335101,-106.897478,Grouse Creek,A,GROUSE CREEK RES,3,Spotted from section lines,58,5804361
719,8.0,,6,40.335101,-106.897478,Grouse Creek,A,GROUSE CREEK RES,3,Spotted from section lines,58,5804361
720,8.0,,6,40.335101,-106.897478,Grouse Creek,A,GROUSE CREEK RES,3,Spotted from section lines,58,5804361
721,8.0,,6,40.335101,-106.897478,Grouse Creek,A,GROUSE CREEK RES,3,Spotted from section lines,58,5804361
722,8.0,,6,40.335101,-106.897478,Grouse Creek,A,GROUSE CREEK RES,3,Spotted from section lines,58,5804361
723,8.0,,6,40.335101,-106.897478,Grouse Creek,A,GROUSE CREEK RES,3,Spotted from section lines,58,5804361
724,8.0,,6,40.335101,-106.897478,Grouse Creek,A,GROUSE CREEK RES,3,Spotted from section lines,58,5804361
725,31.0,,6,40.299991,-106.884488,Martin Creek,A,HENDERSON RES,3,GPS,58,5804362
726,1.5,,6,40.316322,-106.860943,Dry Creek,U,KISTNER RES,3,Spotted from section lines,58,5804363
727,828.0,,6,40.632957,-106.75704,Middle Fork Mad Creek,U,LAKE MARGARET MLL,3,Digitized off map,58,5804364
728,19.0,,6,40.884763,-106.755435,North Fork Elk Creek,U,LOWER SANCHEZ LAKE,3,Digitized off map,58,5804365
729,10.2,,6,40.561305,-106.883957,Hot Spring Creek,A,MAD RANCH POND,3,GPS,58,5804366
730,0.5,,6,40.519591,-106.97358,Fawn Creek,U,MARY MANN RES,3,Spotted from section lines,58,5804368
731,2.0,,6,40.395763,-106.891446,Deer Creek,N,MCCORMICK RES,3,GPS,58,5804369
732,31.0,,6,40.823228,-106.710672,Mica Creek,U,MICA LAKE MLL,3,Digitized off map,58,5804370
733,25.0,,6,40.723176,-106.691732,South Fork Elk River,U,NORTH LAKE MLL,3,Digitized off map,58,5804371
734,2.0,,6,40.397291,-106.918982,Cow Creek,U,PAUL GNEISER POND 1,3,Spotted from section lines,58,5804372
735,36.0,,6,40.618386,-106.720874,Mad Creek,U,PORCUPINE LAKE MLL,3,Digitized off map,58,5804373
736,267.0,,6,40.690385,-106.684453,Wolverine Creek,U,PRISTINE LAKE MLL,3,Digitized off map,58,5804374
737,87.0,,6,40.628018,-106.765458,Middle Fork Mad Creek,U,SNOWSTORM LAKE MLL,3,Digitized off map,58,5804375
738,50.0,,6,40.491847,-106.91,Yampa River,A,STEAMBOAT WW RECL RES,3,GPS,58,5804376
739,464.0,,6,40.760909,-106.700401,North Three Island Creek,U,THREE ISLAND LAKE MLL,3,Digitized off map,58,5804377
740,17.0,,6,40.885497,-106.750992,Trail Creek,U,UPPER SANCHEZ LAKE MLL,3,Digitized off map,58,5804378
741,92.0,,6,40.707929,-106.696389,Wolverine Creek,U,WOLVERINE LAKE MLL,3,Digitized off map,58,5804379
742,,,6,40.356827,-106.866916,Grouse Creek,N,SZERLONG RES,3,Spotted from section lines,58,5804413
743,0.6,,6,40.403862,-106.923087,Cow Creek,U,SHELLEY USSERY RES,3,Spotted from section lines,58,5804414
744,,,6,40.483735,-106.812426,Spring Creek,H,STEAMBOAT SPGS RES 2,3,Digitized off map,58,5804415
745,0.4,,6,40.6504,-106.988126,Long Gulch,U,CHERIE RES,3,Spotted from section lines,58,5804416
746,3.54,,6,40.152564,-106.869499,Wheeler Creek,A,LARRY POND 1,3,GPS,58,5804417
747,2.0,,6,40.152761,-106.869047,Wheeler Creek,A,LARRY POND 2,3,GPS,58,5804418
748,1.0,,6,40.153648,-106.868202,Wheeler Creek,A,LARRY POND 3,3,GPS,58,5804419
749,32.0,,6,40.153829,-106.873174,Wheeler Creek,A,BROOKIE LAKE,3,GPS,58,5804420
750,0.3,,6,40.463697,-106.797639,Burgess Creek,U,THE POND,3,GPS,58,5804430
751,,,6,40.378556,-106.909599,Oak Creek,N,SCHELL RESERVOIR,3,Digitized off map,58,5804433
752,58.0,,6,40.698693,-106.690391,Wolverine Creek,U,PTARMIGAN LAKE MLL,3,Digitized off map,58,5804434
753,1.0,,6,40.34048,-106.866394,Grouse Creek,U,BEAR POND,3,Spotted from section lines,58,5804435
754,0.01,,6,40.654624,-106.979757,Long Gulch,U,HARRIETS POND,3,Spotted from section lines,58,5804436
755,1.48,,6,40.491359,-106.855958,Yampa River,U,ECKSTINE POND 1,3,Digitized off map,58,5804437
756,0.84,,6,40.481191,-106.856916,Yampa River,U,ECKSTINE POND 2,3,Digitized off map,58,5804438
757,1.11,,6,40.47083,-106.860889,Yampa River,U,ECKSTINE POND 3,3,Digitized off map,58,5804439
758,,0.0,6,40.502315,-106.912669,Yampa River,A,STEAMBOAT GC POND 1,3,GPS,58,5804442
759,0.46,,6,40.497582,-106.820339,Butcherknife Creek,A,EITELJORG POND,3,GPS,58,5804446
760,6.0,,6,40.168123,-106.74154,Morrison Creek,U,BARTON RESERVOIR,3,Spotted from section lines,58,5804447
761,4.1,,6,40.503799,-106.930708,Yampa River,U,HOGUE RES 2,3,Digitized off map,58,5804448
762,1.0,,6,40.346567,-106.851187,Grouse Creek,U,EVANS RESERVOIR,3,Spotted from section lines,58,5804449
763,0.5,,6,40.551696,-107.041228,Farnsworth Creek,U,RAFTOPOULOS BLM RES 9A,3,GPS,58,5804451
764,3.0,,6,40.718408,-106.961332,Yampa River,U,MIKE & MARY RES,3,Spotted from section lines,58,5804452
765,2.0,,6,40.638542,-106.925604,Yampa River,U,ROWLEY POND,3,Spotted from section lines,58,5804453
766,0.35,,6,40.550167,-107.049212,Farnsworth Creek,A,RAFTOPOUL0S JOUF RES 42,3,GPS,58,5804454
767,2.54,,6,40.548187,-107.038441,Farnsworth Creek,A,RAFTOPOULOS JOUF RES 43,3,GPS,58,5804455
768,0.25,,6,40.538765,-107.020987,Farnsworth Creek,U,RAFTOPOULOS JOUF RES 44,3,GPS,58,5804456
769,0.15,,6,40.547203,-107.036778,Farnsworth Creek,U,RAFTOPOULOS JOUF RES 45,3,Spotted from section lines,58,5804457
770,1.0,,6,40.571521,-107.037473,Salt Creek,U,RAFTOPOULOS JOUF RES 46,3,Spotted from section lines,58,5804458
771,0.5,,6,40.570426,-107.04211,Salt Creek,U,RAFTOPOULOS JOUF RES 47,3,Spotted from section lines,58,5804459
772,0.1,,6,40.558624,-107.048773,Salt Creek,U,RAFTOPOULOS JOUF RES 48,3,GPS,58,5804460
773,0.1,,6,40.567952,-107.048757,Salt Creek,U,RAFTOPOULOS JOUF RES 49,3,Spotted from section lines,58,5804461
774,1.0,,6,40.572759,-107.049498,Salt Creek,U,RAFTOPOULOS JOUF RES 50,3,Spotted from section lines,58,5804462
775,1.0,,6,40.583106,-107.042809,Salt Creek,U,RAFTOPOULOS JOUF RES 51,3,GPS,58,5804463
776,1.0,,6,40.582973,-107.041635,Salt Creek,U,RAFTOPOULOS JOUF RES 52,3,GPS,58,5804464
777,1.0,,6,40.582135,-107.042189,Salt Creek,U,RAFTOPOULOS JOUF RES 53,3,GPS,58,5804465
778,1.0,,6,40.585136,-107.034423,Salt Creek,U,RAFTOPOULOS JOUF RES 54,3,GPS,58,5804466
779,0.15,,6,40.587336,-107.050145,Salt Creek,U,RAFTOPOULOS JOUF RES 55,3,GPS,58,5804467
780,25.5,,6,40.581634,-107.055158,Salt Creek,A,RAFTOPOULOS JOUF RES 56,3,GPS,58,5804468
781,1.0,,6,40.578026,-107.059986,Salt Creek,U,RAFTOPOULOS JOUF RES 57,3,GPS,58,5804469
782,1.0,,6,40.581233,-107.064054,Chimney Creek,U,RAFTOPOULOS JOUF RES 58,3,GPS,58,5804470
783,0.25,,6,40.576914,-107.072811,Chimney Creek,U,RAFTOPOULOS JOUF RES 59,3,Spotted from section lines,58,5804471
784,0.5,,6,40.580346,-107.070287,Chimney Creek,U,RAFTOPOULOS JOUF RES 60,3,Spotted from section lines,58,5804472
785,2.0,,6,40.615716,-107.111301,Deep Creek,U,SMITH RANCHO RES 73,3,Spotted from section lines,58,5804473
786,2.0,,6,40.615866,-107.110242,Deep Creek,U,SMITH RANCHO RES 74,3,Spotted from section lines,58,5804474
787,8.0,,6,40.2097,-106.776431,Morrison Creek,U,HIGH MEADOWS RANCH POND #1,3,Spotted from section lines,58,5805131
788,8.0,,6,40.2097,-106.776431,Morrison Creek,U,HIGH MEADOWS RANCH POND #1,3,Spotted from section lines,58,5805131
789,0.914,,6,40.542061,-106.850071,Slate Creek,A,RJB POND NO. 1,3,GPS,58,5805182
790,1.68,,6,40.539329,-106.852487,Slate Creek,A,RJB POND NO. 2,3,GPS,58,5805183
791,2.02,,6,40.538624,-106.854357,Slate Creek,A,RJB POND NO. 3,3,GPS,58,5805184
792,3.03,,6,40.537071,-106.855696,Slate Creek,A,RJB POND NO. 4,3,GPS,58,5805185
793,3.21,,6,40.527951,-106.862055,Slate Creek,A,RJB POND NO. 5,3,GPS,58,5805186
794,0.557,,6,40.531673,-106.863067,Slate Creek,A,RJB POND NO. 6,3,GPS,58,5805187
795,0.135,,6,40.528236,-106.868379,Slate Creek,A,RJB POND NO.8,3,GPS,58,5805189
796,0.366,,6,40.526811,-106.870181,Slate Creek,A,RJB POND NO.9,3,GPS,58,5805190
797,33.07,,6,40.533602,-106.861314,Slate Creek,A,RJB POND NO. 10,3,GPS,58,5805191
798,0.24,,6,40.313134,-106.871756,Dry Creek,U,MCCLURE RESERVOIR,3,GPS,58,5805196
